Year_UTC,Month_UTC,Station_ID,Date.x,Day_UTC.x,Latitude.x,Longitude.x,TA,DIC,Depth,CTDTEMP_ITS90,Salinity_PSS78,RowNumber,Cruise,Ship,Date.y,Day_UTC.y,Region,Line,Station,MaxDepth,Latitude.y,Longitude.y,TowBegin,TowEnd,Euphausia_brevis_adult_Abundance,Euphausia_brevis_calyptopis_Abundance,Euphausia_brevis_furcilia_Abundance,Euphausia_brevis_juvenile_Abundance,Euphausia_diomedeae_adult_Abundance,Euphausia_distinguenda_adult_Abundance,Euphausia_distinguenda_furcilia_Abundance,Euphausia_distinguenda_juvenile_Abundance,Euphausia_eximia_adult_Abundance,Euphausia_eximia_calyptopis_Abundance,Euphausia_eximia_calyptopis_C2_Abundance,Euphausia_eximia_calyptopis_C3_Abundance,Euphausia_eximia_damaged_Abundance,Euphausia_eximia_furcilia_Abundance,Euphausia_eximia_furcilia_F1_Abundance,Euphausia_eximia_furcilia_F2_Abundance,Euphausia_eximia_furcilia_F3_Abundance,Euphausia_eximia_furcilia_F4_Abundance,Euphausia_eximia_furcilia_F5_Abundance,Euphausia_eximia_furcilia_F6_Abundance,Euphausia_eximia_juvenile_Abundance,Euphausia_eximia_larvae_Abundance,Euphausia_gibboides_adult_Abundance,Euphausia_gibboides_calyptopis_Abundance,Euphausia_gibboides_calyptopis_C1_Abundance,Euphausia_gibboides_calyptopis_C2_Abundance,Euphausia_gibboides_calyptopis_C3_Abundance,Euphausia_gibboides_damaged_Abundance,Euphausia_gibboides_furcilia_Abundance,Euphausia_gibboides_furcilia_F1_Abundance,Euphausia_gibboides_furcilia_F2_Abundance,Euphausia_gibboides_furcilia_F3_Abundance,Euphausia_gibboides_furcilia_F4_Abundance,Euphausia_gibboides_furcilia_F5_Abundance,Euphausia_gibboides_furcilia_F6_Abundance,Euphausia_gibboides_juvenile_Abundance,Euphausia_gibboides_larvae_Abundance,Euphausia_hemigibba_adult_Abundance,Euphausia_hemigibba_calyptopis_Abundance,Euphausia_hemigibba_furcilia_Abundance,Euphausia_hemigibba_juvenile_Abundance,Euphausia_lamelligera_adult_Abundance,Euphausia_mutica_adult_Abundance,Euphausia_mutica_calyptopis_Abundance,Euphausia_mutica_furcilia_Abundance,Euphausia_mutica_juvenile_Abundance,Euphausia_pacifica_adult_Abundance,Euphausia_pacifica_calyptopis_Abundance,Euphausia_pacifica_calyptopis_C1_Abundance,Euphausia_pacifica_calyptopis_C2_Abundance,Euphausia_pacifica_calyptopis_C3_Abundance,Euphausia_pacifica_damaged_Abundance,Euphausia_pacifica_furcilia_Abundance,Euphausia_pacifica_furcilia_F1_Abundance,Euphausia_pacifica_furcilia_F2_Abundance,Euphausia_pacifica_furcilia_F3_Abundance,Euphausia_pacifica_furcilia_F4_Abundance,Euphausia_pacifica_furcilia_F5_Abundance,Euphausia_pacifica_furcilia_F6_Abundance,Euphausia_pacifica_furcilia_F7_Abundance,Euphausia_pacifica_juvenile_Abundance,Euphausia_pacifica_larvae_Abundance,Euphausia_pacifica_metanauplius_Abundance,Euphausia_recurva_adult_Abundance,Euphausia_recurva_calyptopis_Abundance,Euphausia_recurva_calyptopis_C1_Abundance,Euphausia_recurva_calyptopis_C2_Abundance,Euphausia_recurva_calyptopis_C3_Abundance,Euphausia_recurva_damaged_Abundance,Euphausia_recurva_furcilia_Abundance,Euphausia_recurva_furcilia_F1_Abundance,Euphausia_recurva_furcilia_F2_Abundance,Euphausia_recurva_furcilia_F3_Abundance,Euphausia_recurva_furcilia_F4_Abundance,Euphausia_recurva_furcilia_F5_Abundance,Euphausia_recurva_furcilia_F6_Abundance,Euphausia_recurva_juvenile_Abundance,Euphausia_recurva_metanauplius_Abundance,Euphausia_tenera_adult_Abundance,Euphausia_tenera_furcilia_Abundance,Euphausia_tenera_juvenile_Abundance,Nematobrachion_boopis_adult_Abundance,Nematobrachion_boopis_furcilia_Abundance,Nematobrachion_boopis_juvenile_Abundance,Nematobrachion_flexipes_adult_Abundance,Nematobrachion_flexipes_calyptopis_Abundance,Nematobrachion_flexipes_furcilia_Abundance,Nematobrachion_flexipes_juvenile_Abundance,Nematobrachion_flexipes_larvae_Abundance,Nematoscelis_atlantica_adult_Abundance,Nematoscelis_atlantica_calyptopis_Abundance,Nematoscelis_atlantica_furcilia_Abundance,Nematoscelis_atlantica_juvenile_Abundance,Nematoscelis_difficilis_adult_Abundance,Nematoscelis_difficilis_calyptopis_Abundance,Nematoscelis_difficilis_calyptopis_C1_Abundance,Nematoscelis_difficilis_calyptopis_C2_Abundance,Nematoscelis_difficilis_calyptopis_C3_Abundance,Nematoscelis_difficilis_damaged_Abundance,Nematoscelis_difficilis_furcilia_Abundance,Nematoscelis_difficilis_furcilia_F1_Abundance,Nematoscelis_difficilis_furcilia_F2_Abundance,Nematoscelis_difficilis_furcilia_F3_Abundance,Nematoscelis_difficilis_juvenile_Abundance,Nematoscelis_difficilis_larvae_Abundance,Nematoscelis_difficilis_metanauplius_Abundance,Nematoscelis_gracilis_adult_Abundance,Nematoscelis_gracilis_furcilia_Abundance,Nematoscelis_gracilis_juvenile_Abundance,Nematoscelis_microps_adult_Abundance,Nematoscelis_microps_juvenile_Abundance,Nematoscelis_tenella_adult_Abundance,Nematoscelis_tenella_calyptopis_Abundance,Nematoscelis_tenella_furcilia_Abundance,Nematoscelis_tenella_juvenile_Abundance,Nematoscelis_tenella_larvae_Abundance,Nyctiphanes_simplex_adult_Abundance,Nyctiphanes_simplex_calyptopis_Abundance,Nyctiphanes_simplex_calyptopis_C1_Abundance,Nyctiphanes_simplex_calyptopis_C2_Abundance,Nyctiphanes_simplex_calyptopis_C3_Abundance,Nyctiphanes_simplex_damaged_Abundance,Nyctiphanes_simplex_furcilia_Abundance,Nyctiphanes_simplex_furcilia_F1_Abundance,Nyctiphanes_simplex_furcilia_F2_Abundance,Nyctiphanes_simplex_furcilia_F3_Abundance,Nyctiphanes_simplex_furcilia_F4_Abundance,Nyctiphanes_simplex_furcilia_F5_Abundance,Nyctiphanes_simplex_furcilia_F6_Abundance,Nyctiphanes_simplex_juvenile_Abundance,Nyctiphanes_simplex_larvae_Abundance,Nyctiphanes_simplex_metanauplius_Abundance,Stylocheiron_abbreviatum_adult_Abundance,Stylocheiron_abbreviatum_calyptopis_Abundance,Stylocheiron_abbreviatum_furcilia_Abundance,Stylocheiron_abbreviatum_juvenile_Abundance,Stylocheiron_abbreviatum_larvae_Abundance,Stylocheiron_affine_adult_Abundance,Stylocheiron_affine_calyptopis_Abundance,Stylocheiron_affine_furcilia_Abundance,Stylocheiron_affine_juvenile_Abundance,Stylocheiron_carinatum_adult_Abundance,Stylocheiron_carinatum_calyptopis_Abundance,Stylocheiron_carinatum_furcilia_Abundance,Stylocheiron_carinatum_juvenile_Abundance,Stylocheiron_elongatum_adult_Abundance,Stylocheiron_elongatum_calyptopis_Abundance,Stylocheiron_elongatum_furcilia_Abundance,Stylocheiron_elongatum_juvenile_Abundance,Stylocheiron_longicorne_adult_Abundance,Stylocheiron_longicorne_calyptopis_Abundance,Stylocheiron_longicorne_furcilia_Abundance,Stylocheiron_longicorne_juvenile_Abundance,Stylocheiron_longicorne_larvae_Abundance,Stylocheiron_maximum_adult_Abundance,Stylocheiron_maximum_calyptopis_Abundance,Stylocheiron_maximum_furcilia_Abundance,Stylocheiron_maximum_juvenile_Abundance,Stylocheiron_maximum_larvae_Abundance,Stylocheiron_suhmi_adult_Abundance,Stylocheiron_suhmi_calyptopis_Abundance,Stylocheiron_suhmi_furcilia_Abundance,Stylocheiron_suhmi_juvenile_Abundance,Tessarabrachion_oculatum_calyptopis_Abundance,Tessarabrachion_oculatum_furcilia_Abundance,Tessarabrachion_oculatum_juvenile_Abundance,Thysanoessa_gregaria_adult_Abundance,Thysanoessa_gregaria_calyptopis_Abundance,Thysanoessa_gregaria_calyptopis_C1_Abundance,Thysanoessa_gregaria_calyptopis_C2_Abundance,Thysanoessa_gregaria_calyptopis_C3_Abundance,Thysanoessa_gregaria_damaged_Abundance,Thysanoessa_gregaria_furcilia_Abundance,Thysanoessa_gregaria_furcilia_F1_Abundance,Thysanoessa_gregaria_furcilia_F2_Abundance,Thysanoessa_gregaria_furcilia_F3_Abundance,Thysanoessa_gregaria_furcilia_F4_Abundance,Thysanoessa_gregaria_furcilia_F5_Abundance,Thysanoessa_gregaria_furcilia_F6_Abundance,Thysanoessa_gregaria_juvenile_Abundance,Thysanoessa_gregaria_larvae_Abundance,Thysanoessa_longipes_adult_Abundance,Thysanoessa_longipes_calyptopis_Abundance,Thysanoessa_longipes_furcilia_Abundance,Thysanoessa_longipes_juvenile_Abundance,Thysanoessa_spinifera_adult_Abundance,Thysanoessa_spinifera_calyptopis_Abundance,Thysanoessa_spinifera_calyptopis_C1_Abundance,Thysanoessa_spinifera_calyptopis_C2_Abundance,Thysanoessa_spinifera_calyptopis_C3_Abundance,Thysanoessa_spinifera_damaged_Abundance,Thysanoessa_spinifera_furcilia_Abundance,Thysanoessa_spinifera_furcilia_F1_Abundance,Thysanoessa_spinifera_furcilia_F2_Abundance,Thysanoessa_spinifera_furcilia_F3_Abundance,Thysanoessa_spinifera_furcilia_F4_Abundance,Thysanoessa_spinifera_furcilia_F5_Abundance,Thysanoessa_spinifera_furcilia_F6_Abundance,Thysanoessa_spinifera_juvenile_Abundance,Thysanoessa_spinifera_larvae_Abundance,Thysanoessa_spinifera_metanauplius_Abundance,Thysanopoda_astylata_adult_Abundance,Thysanopoda_astylata_calyptopis_Abundance,Thysanopoda_astylata_furcilia_Abundance,Thysanopoda_astylata_juvenile_Abundance,Thysanopoda_astylata_larvae_Abundance,Thysanopoda_cornuta_furcilia_Abundance,Thysanopoda_egregia_calyptopis_Abundance,Thysanopoda_egregia_furcilia_Abundance,Thysanopoda_egregia_juvenile_Abundance,Thysanopoda_monacantha_adult_Abundance,Thysanopoda_monacantha_calyptopis_Abundance,Thysanopoda_monacantha_furcilia_Abundance,Thysanopoda_monacantha_juvenile_Abundance,Thysanopoda_obtusifrons_adult_Abundance,Thysanopoda_obtusifrons_calyptopis_Abundance,Thysanopoda_obtusifrons_furcilia_Abundance,Thysanopoda_obtusifrons_juvenile_Abundance,Thysanopoda_orientalis_adult_Abundance,Thysanopoda_orientalis_calyptopis_Abundance,Thysanopoda_orientalis_furcilia_Abundance,Thysanopoda_orientalis_juvenile_Abundance,Thysanopoda_pectinata_calyptopis_Abundance,Thysanopoda_pectinata_furcilia_Abundance,Thysanopoda_pectinata_juvenile_Abundance
1984,1,090.0 070.0,1984-01-07,7,32.0846,-120.6387,NA,1989.2,11,NA,33.438500000000005,4748,CALCOFI 8401,NEW HORIZON,1984-01-07,7,SC,90,70,201,32.083,-120.65,1984-01-07T06:35:00Z,1984-01-07T06:56:00Z,0,0,0,0,0,0,0,0,0,0,0,0,0,0,0,0,0,0,0,0,0,0,0.804,0,0,0,0,0,0,0,0,0,0,0,0,0.804,0,0,0,0,0,0,4.02,0,0,0,0,0,0,0,0,0,0,0,0,11.859,23.718,0,6.03,0,21.105,0,0,8.844,0,0,3.015,0,9.045,0,0,6.03,0,3.015,0,0,0,0,0,0,0,0,0,0,0,0,0,0,0,0,0,0,0,2.412,0,0,0,3.015,0,0,8.844,6.03,29.547,0,0,0,0,0,0,0,0,0,0,0,0,0,3.417,0,0,0,0,0,0,0,0,11.859,23.718,0,14.874,0,0,0,0,0,0,0,0,0,0,3.015,0,0,0,0,0,0,0,0,0,1.407,0,3.015,0,0,0,1.005,0,0,0,0,0,0,0,0,0,0,1.206,0,0,0,0,0,0,0,3.015,20.904,0,0,0,3.015,0,0,0,0,0,0,0,0,0,0,0,0,0,0,0,0,0,0,0,0,0,0,0,0,0,0,0,0,0,0,0,0,0,0,0,0,0,0,0,0,0,0,0,0,0
1984,1,090.0 100.0,1984-01-09,9,31.0846,-122.662,2234.6499999999996,1980.65,11,NA,33.338499999999996,4751,CALCOFI 8401,NEW HORIZON,1984-01-08,8,SC,90,100,195,31.083,-122.65,1984-01-08T18:10:00Z,1984-01-08T18:31:00Z,0,0,0,0,0,0,0,0,0,0,0,0,0,0,0,0,0,0,0,0,1.365,0,11.895,0,0,0,0,0,0,0,1.365,0,0,0,1.365,7.02,0,5.655,0,1.365,1.365,0,5.46,0,0,0,0,0,0,0,0,0,0,0,0,0,0,0,0,0,0,0,0,27.105,0,0,0,23.4,0,0,40.755,29.25,11.7,11.7,0,2.925,0,0,0,0,0,0,0,0,0,0,0,0,0,0,0,1.365,0,0,0,0,0,0,0,0,4.29,0,0,0,0,0,0,0,0,0,0,2.73,0,1.365,1.365,0,0,0,0,0,0,0,0,0,0,0,0,0,0,0,0,0,0,1.365,0,0,0,5.85,0,0,0,1.365,0,0,0,0,0,0,0,1.365,0,1.365,0,0,0,0,0,0,0,1.365,0,0,0,0,0,0,1.365,0,0,0,0,0,0,0,0,5.85,0,0,0,0,0,0,0,0,0,0,0,0,0,0,0,0,0,0,0,0,0,0,0,0,0,1.365,1.365,0,0,0,0,0,0,0,0,0,0,0,0,0,0,0,0,0,0,0,0,0,0
1984,1,093.3 090.0,1984-01-09,9,30.8464,-121.5896,2251.3,1987.9,9,NA,33.551,4759,CALCOFI 8401,NEW HORIZON,1984-01-09,9,SC,93.3,90,191,30.85,-121.583,1984-01-09T06:15:00Z,1984-01-09T06:36:00Z,0.382,0,0,0,0,0,0,0,0,0,0,0,0,0,0,0,0,0,0,0,0.382,0,6.685,0,0,0,0,0,0,0.382,0,0,0,0,0,2.483,0,5.539,0,0,0,0,0,0,0,0,0,0,0,0,0,0,0,0,0,0,0,0,0,0,0,0,0,2.865,0,0,0,0,0,0,6.494,0.955,2.101,0,0,0,0,0,0,0,0,0,0,0,0,0,0.382,0.764,0,0,0,0,0,0,0,0,0,0,0,0,0,0,0,0,0,0,0,0,0,0,0,0.764,0,0,2.292,0,0,0,0,0,0,0,0,0,0,0,0,0,0,0,0,0,0,0,0,0,0,25.976,0,124.723,38.773,0.382,0,0,0.382,0,0,0,0,0,0,0,0,0,0,0,0,0,0,0,0,0,0,0,0,0,0.382,0,0,0,0,0,0,0,0,0,0,0,0,0,0,0,0,0,0,0,0,0,0,0,0,0,0,0,0,0,0,0,0,0,0,2.483,0,0,1.146,0,0,0,0,0,0,0,0,0,0,0,0,0,0,0,0,0,0,0,0
1984,1,093.3 100.0,1984-01-09,9,30.513,-122.2576,2247.95,NA,12,NA,33.433,4754,CALCOFI 8401,NEW HORIZON,1984-01-08,8,SC,93.3,100,201,30.517,-122.283,1984-01-08T23:55:00Z,1984-01-08T00:16:00Z,0,0,0,0,0,0,0,0,0,0,0,0,0,0,0,0,0,0,0,0,0,0,11.256,0,0,0,0,0,0,0,0,0,0,0,0,1.407,0,8.442,0,0,0,0,0.804,0,0,0,0,0,0,0,0,0,0,0,0,0,0,0,0,0,0,0,0,54.069,0,0,0,60.099,0,0,111.756,154.77,68.742,60.3,0,34.371,0,0,0,0,0,0,0,0,0.402,0,0,0,0,0,0,0,0,0,0,0,0,0,0,0,0,0,0,0,0,0,0,0,0,0,0,1.206,0,0,0.402,0,0,0,0,0,0,0,0,0,0,0,0,0,0,0,0,0,0.804,0,0,0.402,0,17.085,0,25.728,2.814,0,0,0,0,0,0,0,0,0,0,8.643,0,0,0,0,0,0,0,0,0,0,0,0,0,0,4.221,0,0,0,8.643,0,0,0,8.643,0,0,0,0,0,0,0,0,0,0,0,0,0,0,0,0,0,0,0,0,0,0,0,0,0,0,5.025,0,0,0,0,0,0,0,0,0,0,0,0,0,0,0,0,0,0,0,0,0,0,0
1984,2,090.0 070.0,1984-02-21,21,32.0846,-120.6387,NA,1995.4,12,NA,33.3915,4900,CALCOFI 8402,NEW HORIZON,1984-02-21,21,SC,90,70,215,32.083,-120.633,1984-02-21T12:05:00Z,1984-02-21T12:26:00Z,0,0,0,0,0,0,0,0,0,0,0,0,3.87,0,0,0,0,0,0,0,3.87,0,0,0,0,0,0,0,0,15.91,0,0,0,0,0,0,0,0,0,0,0,0,0,0,0,0,0,0,0,0,0,0,0,0,63.21,31.82,15.91,31.82,15.91,15.91,27.52,0,0,4.73,0,0,0,0,0,0,0,15.91,0,0,0,15.91,3.87,0,0,0,0,0,0,0,0,0,0,0,0,0,0,0,0,0,0,0,31.82,47.73,23.865,0,63.21,0,0,308.74,0,0,0,0,0,0,0,0,0,0,0,0,3.87,0,0,0,0,0,0,0,0,0,0,0,3.87,0,0,0,0,0,0,0,0,3.87,0,0,0,0,0,0,0,0,0,0,0,3.01,15.91,31.82,0,0,0,0,0,0,0,0,0,0,0,0,0,0,0.86,0,0,0,0,15.91,0,0,0,0,0,0,0,0,0,0,0,0,0,0,0,0,0,0,0,0,0,0,0,0,0,0,0,0,0,0,0,0,0,0,0,0,0,0,0,0,0,0,0,0,0,0,0,0,0,0,0,0,0
1984,2,090.0 090.0,1984-02-21,21,31.4179,-121.99,2237.1,1985.6,10,NA,33.302,4899,CALCOFI 8402,NEW HORIZON,1984-02-20,20,SC,90,90,205,31.417,-122,1984-02-20T22:56:00Z,1984-02-20T23:18:00Z,0,0,0,0,0,0,0,0,0,0,0,0,0,0,0,0,0,0,0,0,0,0,0.41,0,0,0,0,0,0,0,0,0,0,0,0,0,0,2.05,0,0,1.025,0,3.895,0,0,3.895,0,0,0,0,0,0,0,0,0,0,0,0,0,0,0,0,0,47.765,0,0,15.375,11.48,19.065,0,7.585,7.585,0,0,0,11.48,11.48,0,0,0,0,0,0,0,0,0,1.025,0,0,2.05,3.895,0,0,0,0,0,3.895,3.895,0,0,0,0,0,0.41,0,0,0,0,0,0,0,2.05,0,0,0,0,0,0,0,0,0,0,0,0,0,0,0,0,0,0.41,0,0,0,0,0,0,0,2.87,0,0,2.05,1.025,0,0,0,0,0,0,0,1.025,0,0,7.585,0,0,0,0,0,0,0,0,0,0,0,0,0,2.05,0,0,0,0,1.025,0,0,0,0,0,0,0,0,0,0,0,0,0,0,0,0,0,0,0,0,0,0,0,0,0,0,0,0,0,1.025,0,0,0,0,0,0,0,0,0,0,0,0,0,0,0,0,0,0,0,0,0,0,0
1984,2,090.0 100.0,1984-02-20,20,31.0846,-122.662,NA,NA,10,NA,NA,4898,CALCOFI 8402,NEW HORIZON,1984-02-20,20,SC,90,100,212,31.1,-122.667,1984-02-20T16:50:00Z,1984-02-20T17:11:00Z,0,0.424,0,0,0,0,0,0,0,0,0,0,0,0,0,0,0,0,0,0,0,0,0,0,0,0,0,0,0,0,0,0,0,0,0,0,0,0,0,4.452,0,0,0,0,0,0,0,0,0,0,0,0,0,0,0,0,0,0,0,0,0,0,0,0,0,0,0,0,0,0,0,0,0,0,0,0,0,0,0,0,0,0,0,0,0,0,0,0.424,0,0,2.544,5.3,0.424,0,0,0,0,0,0,0,0,0,0,0,0,0,0,0,0,0,0,0,0,7.844,0.424,0,0,0,0,0,0,0,0,0,0,0,0,0,0,0,0,0,0,0.424,0,0,0,0,0,2.544,0.424,0,0.424,2.968,0.424,0,0,0,0,0,0.424,1.484,1.06,0,0,0.424,0,0,0,0.424,0,0,0,0,0,0,0,0,0,0,0,0,0,0,0,1.908,0,0,0,0,0,0,0,0,0,0,0,0,0,0,0,0,0,0,0,0,0,0,0,0,0,0,1.908,0,0,0,0,0,0,0,0,0,0,0,0,0,0,0,0,0,0,0,0,0,0
1984,2,093.3 090.0,1984-02-26,26,30.8464,-121.5896,2240.8,1989.3,12,NA,33.4345,4908,CALCOFI 8402,NEW HORIZON,1984-02-26,26,SC,93.3,90,218,30.817,-121.583,1984-02-26T12:35:00Z,1984-02-26T12:56:00Z,0,0,0,0,0,0,0,0,0,0,0,0,0,0,0,0,0,0,0,0,0,0,0,0,2.18,0,0,0,0,0,0,0,0,0,0,0,0,0,2.18,4.36,0,0,0,0,0,0,0,0,0,0,0,0,0,0,0,0,0,0,0,0,0,0,0,0,0,0,8.284,16.568,0,0,4.142,4.142,0,0,0.436,0,0,0,0,0,0,0,0,0,0,0,1.09,0,0,0,0,0,0,0,0,0,0,0,0,0,2.18,0,0,0.436,0,0,0,0,0,0,0,0,0,2.18,2.18,0,0,0,0,0,0,0,0,0,0,0,0,0,0,0,0,0,0,0,0,0,0,2.18,0,2.18,2.18,1.09,0,4.142,0,0,0,0,0,0,0,0,0,0,0,2.18,0.436,0,0,0.872,0,0,0,0,0,0,0,0,0,0,0,0,0,4.36,4.142,2.18,0,0,0,0,0,0,0,0,0,0,0,0,0,0,0,0,0,0,0,0,0,0,0,0,0,0,0,2.18,0,0,0,0,0,0,0,0,0,0,0,0,0,0,0,0,0.436,0,0,0,0
1984,2,093.3 100.0,1984-02-27,27,30.513,-122.2576,2259.62,NA,12,NA,NA,4906,CALCOFI 8402,NEW HORIZON,1984-02-26,26,SC,93.3,100,194,30.5,-122.267,1984-02-26T17:55:00Z,1984-02-26T18:19:00Z,0,0,0,0,0,0,0,0,0,0,0,0,0,0,0,0,0,0,0,0,0,0,0,0,0,1.552,0,0,0,0,0,0,0,0,0,0,0,0,1.552,13.774,0,0,0.388,0,0,0,0,0,0,0,0,0,0,0,0,0,0,0,0,0,0,0,0,0,0,0,7.566,6.208,0,0,7.566,1.552,7.566,1.552,4.656,6.208,1.552,0,0,0,0,0,0,0,0,0,0,0.388,0,0,0,6.208,0,0,0,0,0,0,0,0,0,0,0,0.388,0,0,0,0,0,0,0,0,1.552,10.864,1.94,0,0,0,0,0,0,0,0,0,0,0,0,0,0,0,0,0,0,0,0,0,0,1.552,0,6.208,12.416,0.388,0,0,0.776,0,0,0,0,0,0,0,0.388,0,0,0,0,0,0,1.552,0,0,0,0,0,0,0.388,0,0,0,0,3.104,0,0,0,1.552,0,0,0,0.388,0,0,0,0,0,0,0,0,0,0,0,0,0,0,0,0,0,0,0,0,0,0,1.552,1.164,0,0,0,0,0,0,0,0,0,0,0,0,0,0,0,0,0,0,0,0,0
1984,4,090.0 070.0,1984-04-12,12,32.0846,-120.6387,NA,2000.45,11,NA,33.504999999999995,4943,CALCOFI 8404,NEW HORIZON,1984-04-12,12,SC,90,70,168,32.083,-120.65,1984-04-12T12:15:00Z,1984-04-12T12:36:00Z,0,0,0,0,0,0,0,0,0,0,0,0,0,0,0,0,0,0,0,0,0.672,0,0,0,0,0,0,0,0,0,0,0,0,0,0,0,0,0,0,0,0,0,0,0,0,0,1.344,0,0,0,0,0,0,2.52,3.864,0,0,0,0,0,14.784,0,0,1.344,0,0,0,0,0,0,0,0,0,0,0,0,0,0,0,0,0,0,0,0,0,0,0,0,0,0,0,0,0,0,0,0,30.744,97.104,0,0,20.496,0,0,3.36,0,0,0,0,0,0,0,0,0,0,0,0,0.672,0,0,0,10.248,0,0,1.344,2.52,0,1.344,0,0,1.344,0,0,0,0,0,0,0,5.376,0,0,1.344,0,0,0,0,0,0,0,0,0,0,5.04,5.04,0,0,0,0,0,0,0,0,0,0,0,0,0,0.672,0,0,0,0,0,0,0,0,0,0,0,0,0.672,0,0,0,0,0,0,0,0,0,0,0,0,0,0,0,0,0,0,0,0,0,0,0,0,0,0,0,0,0,0,0,0,0,0,0,0,0,0,0,0,0,0,0,0,0
1984,4,090.0 100.0,1984-04-13,13,31.0846,-122.662,NA,1990.7,11,15.73,NA,4948,CALCOFI 8404,NEW HORIZON,1984-04-13,13,SC,90,100,214,31.083,-122.65,1984-04-13T08:35:00Z,1984-04-13T08:56:00Z,0,0,0,0,0,0,0,0,0,0,0,0,0,0,0,0,0,0,0,0,0,0,0,0,15.622,23.54,7.918,0,0,7.918,0.428,1.498,0,0,0,0,0,0,0,12.198,0,0,0,0,0,0,0,0,0,0,0,0,0,0,0,0,0,0,0,0,0,0,0,0,0,0,7.918,19.474,0,0,3.852,3.852,0.428,0.428,0.428,1.07,0,0,0,0,0,0,0,0,0,0,0,0,0,0,0,1.07,2.354,0,0,0,0,0,0,0,0,0,0,0,0,0,0,0,0,0,0,0,7.918,16.692,1.284,0,0,0,0,0,0,0,0,0,0,0,0,0,0,0,0,0,0,0,0,0,0,1.07,0,1.498,0.428,0,0,0,0,0,0,0,0,1.284,0,0,0,0,0,1.498,1.07,0,0,0,0,0,0,0,0,0,0,0,0,0,0,0,0,0,7.918,0,0,0,0,0.428,0,0,0,0,0,0,0,0,0,0,0,0,0,0,0,0,0,0,0,0,0,0,7.918,0,0,0,0,0,0,0,0,0,0,0,0,0,0,0,0,0,0,0,0,0,0
1984,4,093.3 090.0,1984-04-14,14,30.8464,-121.5896,NA,1988.4,11,NA,NA,4950,CALCOFI 8404,NEW HORIZON,1984-04-13,13,SC,93.3,90,212,30.85,-121.6,1984-04-13T21:10:00Z,1984-04-13T21:31:00Z,0,0,0,0,0,0,0,0,0,0,0,0,0,0,0,0,0,0,0,0,0,0,1.272,0,0,0,0,0,0,5.936,2.968,0,0,0,0,0,0,5.936,0,0,0,0,0.424,0,0,0,0,0,0,0,0,0,0,0,0,0,0,0,0,0,0,0,0,50.456,0,0,0,0,0,0,2.968,2.968,0,0,0,0,0,0,0,0,0,0,0,0,0,0,0,0,0,0,0,0,0,0,0,0,0,0,0,0,11.66,2.968,0,8.904,0,0,0,0,0,0,0,0,0,0,0,0,1.06,0,0,0,0,0,0,0,0,0,0,0,0,4.876,0,0,0.424,0,0,0.424,0,8.904,0,2.968,0,0,0,0,0,0,0,0,0,0,0,0,0,0,0,0,0,0,0,0,0,0,0,0,0,0,11.448,0,0,0,0,23.744,0,0,0,0,0,0,0,0,0,0,0,0,0,0,0,0,0,0,0,0,0,0,0,0,0,0,0,0,0,0,0,0,0,0,0,0,0,0,0,0,0,0,0,0,0,0,0,0,0,0,0,0,0
1984,4,093.3 100.0,1984-04-13,13,30.513,-122.2576,NA,1992.3,11,NA,NA,4949,CALCOFI 8404,NEW HORIZON,1984-04-13,13,SC,93.3,100,184,30.5,-122.25,1984-04-13T14:50:00Z,1984-04-13T15:11:00Z,0,0,0,0,0,0,0,0,0,0,0,0,0,0,0,0,0,0,0,0,0,0,0,0,11.408,25.76,14.352,0.368,0,2.944,14.352,11.408,0,0,0,0,0,0,0,1.84,0,0,0,0,0,0,0,0,0,0,0,0,0,0,0,0,0,0,0,0,0,0,0,0,0,0,5.704,11.592,0,0,8.648,0,11.408,0,0,0,0,0,0,0,0,0,0,0,0,0,0,0,0,0,0,0.92,0,0,0,0,0,0,0,0,0,0,0,0,0,0,0,0,0,0,0,0,8.648,8.648,0.368,0,0,0,0,0,0,0,0,0,0,0,0,0,0,0,0,0,0,0,0,0.368,0,0,0,0.92,0,0,0,0,0,0,0,0,0,0,0,0,0,0,0,0,0,0,0,0,0,0,0,0,0,0,0,0,0,0,0,0,0,0,0,0,0,0,0,0,0,0,0,0,0,0,0,0,0,0,0,0,0,0,0,0,0,0,0,0,0,0,0.368,0,0,0,0,0,0,0,0,0,0,0,0,0,0,0,0,0,0,0,0,0,0
1984,6,090.0 070.0,1984-06-22,22,32.0846,-120.6387,NA,2000.8,11,15.25,33.556,5101,CALCOFI 8406,NEW HORIZON,1984-06-22,22,SC,90,70,191,32.083,-120.65,1984-06-22T00:10:00Z,1984-06-22T00:31:00Z,0,0,0,0,0,0,0,0,0,0,0,0,0,0,0,0,0,0,0,0,0,0,0,0,0,0,0,0,0,0,0,0,0,0,0,0,0,0,0,0,0,0,0,0,0,0,16.999,0,0,0,0,42.593,0,0,0,0,0,0,0,0,0,0,0,1.719,0,0,0,0,0,0,0,0,0,0,0,0,0,0,0,0,0,0,0,0,0,0,0,0,0,0,0,0,0,151.081,0,0,13.179,78.883,0,0,52.716,26.358,26.358,170.945,0,0,0,0,0,0,0,0,0,0,0,0,34.189,0,0,0,0,0,0,0,0,0,0,0,0,3.247,0,0,0,0,0,0,0,0,0,0,0,0,0,0,0,0,0,0,0,0,0,3.247,0,0,0,0,0,0,0,0,0,0,0,0,0,0,65.895,0,0,0,0,26.358,0,0,0,0,0,0,0,0,0,0,0,0,0,0,0,0,0,0,0,0,0,0,0,0,0,0,19.482,0,0,0,0,0,0,0,0,0,0,0,0,0,0,0,0,0,0,0,0,0,0,0,0,0,0
1984,6,090.0 090.0,1984-06-23,23,31.4179,-121.99,NA,2011.6,11,NA,33.5325,5104,CALCOFI 8406,NEW HORIZON,1984-06-23,23,SC,90,90,213,31.417,-122,1984-06-23T03:10:00Z,1984-06-23T03:31:00Z,0,0,0,0,0,0,0,0,0,0,0,0,0,0,0,0,0,0,0,0,0,0,0,0,0,0,0,0,0,0,0,0,0,0,0,2.13,0,0,0,0,0,0,0,0,0,0,4.26,0,0,0,0,2719.797,0,0,0,0,0,64.752,0,0,3432.282,0,0,0,0,0,0,0,0,0,0,0,0,0,0,0,0,0,0,0,0,0,0,0,0,0,0,0,0,0,0,0,0,36.849,0,0,0,0,0,0,0,0,0,121.41,0,0,0,0,0,0,0,0,0,0,0,0,97.341,0,0,0,0,0,0,0,0,0,0,0,0,48.564,0,0,0,0,0,0,0,0,0,0,0,0,0,0,0,0,0,0,0,4.047,0,4.047,0,0,0,0,0,0,0,0,0,0,0,0,0,0,24.282,0,0,0,0,97.128,0,0,0,16.188,0,16.188,0,0,0,0,0,0,0,0,0,0,0,0,0,0,0,0,0,0,0,0,4.047,0,0,0,0,0,0,0,0,0,0,0,0,0,0,0,0,0,0,0,0,0,0,0,0,0,0
1984,6,090.0 100.0,1984-06-23,23,31.0846,-122.662,2233.6,1999.4,10,NA,33.3395,5103,CALCOFI 8406,NEW HORIZON,1984-06-23,23,SC,90,100,213,31.083,-122.65,1984-06-23T08:15:00Z,1984-06-23T08:36:00Z,0,0,0,0,0,0,0,0,0,0,0,0,0,0,0,0,0,0,0,0,0,0,0,0,0,0,0,0,0,0,0,0,0,0,0,4.26,0,0,0,0,0,0,0,0,0,0,16.827,0,0,0,0,168.909,0,0,0,0,16.827,0,0,0,67.521,0,0,4.26,0,0,0,0,0,0,0,0,0,0,0,0,0,0,0,0,0,0,0,0,0,0,0,0,0,0,0,0,0,0,0,0,16.827,16.827,0,0,0,33.654,67.521,122.475,0,0,0,0,0,0,0,0,0,0,0,0,4.26,0,0,0,4.26,0,0,4.26,12.567,0,0,0,0,4.26,0,0,0,0,0,0,0,0,0,0,0,0,0,0,0,0,0,0,0,17.04,0,16.827,25.347,0,0,0,0,0,0,0,0,0,0,0,0,0,0,0,0,0,0,0,0,16.827,50.694,33.654,0,0,0,8.52,0,0,0,0,0,0,0,0,0,0,0,0,0,0,0,0,0,0,0,0,0,0,0,0,0,0,0,0,0,0,0,0,0,0,0,0,0,0,0,0,0,0,0,0,0
1984,6,093.3 090.0,1984-06-17,17,30.8464,-121.5896,2231.4,NA,10,NA,NA,5086,CALCOFI 8406,NEW HORIZON,1984-06-17,17,SC,93.3,90,203,30.85,-121.583,1984-06-17T00:55:00Z,1984-06-17T01:16:00Z,0,0,0,0,0,0,0,0,0,0,0,0,0,0,0,0,0,0,0,0,0,0,45.472,0,0,0,0,0,0,0,0,0,0,0,0,11.571,0,15.022,0,0,0,0,0,0,0,0,30.044,0,0,0,0,263.291,0,7.511,0,0,0,0,0,0,60.088,0,0,7.714,0,0,0,0,0,0,0,0,0,0,0,0,0,0,0,0,0,0,0,0,0,0,0,3.857,0,1.827,0,0,0,11.571,0,0,0,0,0,0,0,0,0,63.945,0,0,0,0,0,0,0,0,0,0,0,0,17.052,0,0,0,0,0,0,0,0,0,0,0,0,0,0,0,0,0,0,0,0,7.511,0,0,0,0,0,0,0,0,0,0,0,3.857,0,3.857,0,0,0,0,7.511,0,0,0,0,0,0,0,0,0,15.225,0,0,0,0,7.511,0,0,0,7.511,0,0,0,0,0,0,0,0,0,0,0,0,0,0,0,0,0,0,0,0,0,0,0,0,0,0,0,0,0,0,0,0,0,0,0,0,0,0,0,0,0,0,0,0,0,0,0,0,0
1984,6,093.3 100.0,1984-06-17,17,30.513,-122.2576,NA,NA,10,NA,NA,5081,CALCOFI 8406,NEW HORIZON,1984-06-16,16,SC,93.3,100,214,30.5,-122.25,1984-06-16T19:30:00Z,1984-06-16T19:51:00Z,0,0,0,0,0,0,0,0,0,0,0,0,0,0,0,0,0,0,0,0,0,0,0,0,0,0,0,0,0,0,0,0,0,0,0,3.852,0,0,0,0,0,0,3.852,0,0,0,11.77,0,0,0,0,23.54,0,0,0,15.836,110.852,0,158.146,332.128,695.928,0,0,5.778,0,0,0,0,0,0,0,0,0,0,0,0,0,0,0,0,0,0,0,0,0,0,0,7.918,0,0,0,0,0,13.696,0,0,0,15.836,0,0,0,0,0,123.05,0,0,0,0,0,0,0,0,0,0,0,0,71.262,0,0,0,0,15.836,0,0,0,0,0,0,110.638,189.818,0,0,0,0,0,0,0,7.918,0,0,0,0,0,0,0,0,0,0,0,9.844,0,7.918,0,0,0,0,0,0,0,0,0,0,0,0,0,0,68.908,0,0,0,0,7.918,0,0,0,0,0,0,8.346,7.918,0,0,0,0,0,0,0,0,0,0,0,0,0,0,0,0,0,0,0,0,0,0,0,0,0,0,0,0,0,0,0,0,0,0,0,0,0,0,0,0,0,0,0,0,0
1984,7,090.0 070.0,1984-07-10,10,32.0846,-120.6387,NA,2002.65,10,NA,33.653,5111,CALCOFI 8407,NEW HORIZON,1984-07-09,9,SC,90,70,205,32.083,-120.633,1984-07-09T18:05:00Z,1984-07-09T18:26:00Z,0,0,0,0,0,0,0,0,0,0,0,0,0,0,0,0,0,0,0,0,0,0,0,0,0,0,0,0,0,0,0,0,0,0,0,0,0,0,0,0,0,0,0,0,0,0,136.94,0,0,0,0,27.47,0,0,0,0,0,0,0,0,521.93,0,0,2.665,0,0,0,0,0,0,0,0,0,0,0,0,0,0,0,0,0,0,0,0,0,0,0,0,0,0,0,0,0,151.085,0,0,0,0,123.615,0,0,0,0,41.205,0,0,0,0,0,0,0,0,0,0,0,0,68.675,0,0,0,0,0,0,0,0,0,0,0,0,13.735,0,0,0,0,0,0,0,2.665,0,0,5.33,0,0,0,0,0,0,0,0,0,0,0,0,0,0,0,0,2.665,0,0,0,0,0,0,0,0,0,0,0,0,0,0,0,0,0,0,0,0,0,0,0,0,0,0,0,0,0,0,0,0,0,0,0,0,0,0,0,0,0,0,0,0,0,0,0,0,0,0,0,0,0,0,0,0,0,0,0,0,0,0,0,0,0,0,0
1984,7,090.0 090.0,1984-07-09,9,31.4179,-121.99,NA,1986.2,11,NA,32.968500000000006,5112,CALCOFI 8407,NEW HORIZON,1984-07-09,9,SC,90,90,213,31.417,-122,1984-07-09T03:30:00Z,1984-07-09T03:51:00Z,0,0,0,0,0,0,0,0,0,0,0,0,0,0,0,0,0,0,0,0,0,0,7.668,0,0,63.474,31.737,0,0,0,7.881,0,0,0,0,1.917,0,0,0,0,0,0,0,0,0,0,23.856,0,0,0,0,222.159,0,0,0,0,31.737,0,31.737,63.474,1492.704,0,0,5.751,0,0,0,0,0,0,0,0,0,0,0,0,0,0,0,0,0,0,0,0,0,0,0,0,0,0,0,0,0,23.643,0,0,0,0,71.355,0,0,0,0,151.017,0,0,0,0,0,0,0,0,0,0,0,0,39.831,0,0,0,0,0,0,0,31.737,31.737,0,31.737,31.737,63.474,0,0,0,0,0,0,0,0,0,7.881,0,0,0,0,0,0,0,0,0,7.881,0,0,0,0,0,0,7.881,0,0,0,0,0,0,0,0,0,39.618,0,0,0,0,7.881,0,0,0,0,0,0,0,15.975,0,0,0,0,0,0,0,0,0,0,0,0,0,0,0,0,0,0,4.047,0,0,0,0,0,0,0,0,0,0,0,0,0,0,0,0,0,0,0,0,0,0,0,0,0,0
1984,10,093.3 090.0,1984-10-23,23,30.8464,-121.5896,NA,1982.5,12,NA,NA,5222,CALCOFI 8410,NEW HORIZON,1984-10-22,22,SC,93.3,90,212,30.85,-121.583,1984-10-22T21:35:00Z,1984-10-22T21:56:00Z,0,0,0,0,0,0,0,0,0,0,0,0,0,0,0,0,0,0,0,0,17.808,0,0,0,0,0,0,0,0,0,0,0,0,0,0,0,0,0,0,0,0,0,0,0,0,0,0,0,0,0,0,0,0,0,0,0,0,0,0,0,118.508,0,0,33.496,0,0,7.844,7.844,55.544,0,7.844,7.844,7.844,0,7.844,15.9,0,0,0,0,0,0,0,0,0,0,0,0,0,0,0,0,0,1.06,0,0,0,0,39.644,0,0,0,0,64.448,0,0,0,0,0,0,0,0,0,0,0,0,0,0,0,0,0,0,0,0,0,0,0,0,0,0,0,0,0,0,0,0,0,1.908,0,0,15.9,0,0,0,0,0,0,0,0,1.06,0,0,0,0,0,0,0,0,0,0,0,0,0,0,0,0,15.688,0,0,0,0,0,0,0,0,0,0,0,0,0,0,0,0,0,0,0,0,0,0,0,0,0,0,0,0,0,0,0,0,0,0,0,0,1.06,0,0,0,0,0,0,0,0,0,0,0,0,0,0,0,0,0,0,0,0,0
1985,2,090.0 070.0,1985-02-25,25.333333333333332,32.0846,-120.6387,2223.4,1990.9,10,NA,33.362,5238,CALCOFI 8502,MCARTHUR,1985-02-24,24,SC,90,70,209,32.083,-120.65,1985-02-24T21:05:00Z,1985-02-24T21:26:00Z,0,0,0,0,0,0,0,0,0,0,0,0,0,0,0,0,0,0,0,0,0,0,10.026,3.342,0,0,0,0,0,0,0,0,0,0,0,0,0,3.342,0,0,3.342,0,0,0,0,0,3.342,30.077,0,0,0,0,26.735,0,0,0,0,0,0,0,20.051,0,0,6.684,6.684,0,0,0,0,3.342,0,0,0,0,0,0,0,0,0,0,0,0,0,0,0,0,6.684,0,0,0,0,0,0,0,50.129,0,0,0,0,53.471,0,0,0,6.684,0,0,0,0,0,0,0,0,0,0,0,0,0,0,0,0,0,0,0,0,0,0,0,0,0,3.342,0,0,0,0,0,0,0,3.342,0,0,0,0,0,0,0,0,0,0,0,3.342,3.342,3.342,6.684,0,0,0,0,0,0,0,0,0,0,0,0,0,0,0,0,0,0,0,26.735,0,0,0,0,0,0,0,0,0,0,0,0,0,0,0,0,0,0,0,0,0,0,0,0,0,0,0,0,0,0,0,0,0,0,0,0,0,0,0,0,0,0,0,0,0,0,0,0,0,0,0,0
1985,5,090.0 070.0,1985-05-06,6.333333333333333,32.0846,-120.6387,2217.9,1997.2,11,NA,33.278,5324,CALCOFI 8505,DAVID STARR JORDAN,1985-05-06,6,SC,90,70,208,32.083,-120.633,1985-05-06T11:10:00Z,1985-05-06T11:31:00Z,0,0,0,0,0,0,0,0,0,0,0,0,0,0,0,0,0,0,0,0,0,0,0,0,0,0,0,0,0,0,0,0,0,0,0,0,0,0,0,0,0,0,0,0,0,0,0,78.433,0,0,0,0,135.475,0,0,0,0,0,0,0,0,0,0,0,0,0,0,0,0,0,0,0,0,0,0,0,0,0,0,0,0,0,0,0,0,0,0,0,0,0,0,0,0,0,64.172,0,0,0,0,0,0,0,0,0,0,0,0,0,0,0,0,0,0,0,0,0,0,0,0,0,0,0,0,0,0,0,0,0,0,0,0,0,0,0,0,0,0,0,0,0,7.13,0,0,0,0,0,0,0,0,0,0,0,0,0,0,0,0,0,0,0,0,0,0,0,0,0,0,0,0,0,0,0,0,0,0,0,0,0,0,0,0,0,0,0,0,0,0,0,0,0,0,0,0,0,0,0,0,0,0,0,0,0,0,0,0,0,0,0,0,0,0,0,0,0,0,0,0,0,0,0,0,0,0,0,0
1985,5,090.0 090.0,1985-05-06,6,31.4179,-121.99,NA,1997.35,11,NA,NA,5321,CALCOFI 8505,DAVID STARR JORDAN,1985-05-05,5,SC,90,90,217,31.417,-121.983,1985-05-05T22:11:00Z,1985-05-05T22:32:00Z,0,0,0,0,0,0,0,0,0,0,0,0,0,0,0,0,0,0,0,0,0,0,0,0,0,0,0,0,15.524,0,0,0,0,0,0,15.524,0,7.762,0,7.762,7.762,0,0,0,0,0,0,0,0,0,0,0,0,0,0,0,0,0,0,0,0,0,0,7.762,0,0,0,0,0,0,0,0,0,0,0,0,23.286,0,0,0,0,0,0,0,0,0,7.762,0,0,0,0,0,0,0,0,0,0,0,0,15.524,0,0,0,178.528,0,0,0,0,0,0,0,0,0,0,7.762,0,0,0,0,0,0,0,0,0,0,0,0,0,0,2.803,0,0,0,0,7.762,0,0,7.762,0,0,7.762,0,0,0,0,0,0,0,0,0,0,0,7.762,0,0,0,0,0,0,0,0,0,0,0,0,0,7.762,0,0,0,0,0,15.524,0,0,0,0,0,0,23.286,0,0,0,0,0,0,0,0,0,0,0,0,0,0,0,0,0,0,0,0,0,0,0,0,2.803,0,0,0,0,0,0,0,0,0,0,0,0,0,0,0,0,0,0,0,0
1987,5,090.0 070.0,1987-05-05,5.25,32.0846,-120.6387,NA,1991.4,10,NA,NA,5513,CALCOFI 8705,DAVID STARR JORDAN,1987-05-04,4,SC,90,70,210,32.083,-120.633,1987-05-04T19:43:00Z,1987-05-04T20:04:00Z,0,0,0,0,0,0,0,0,0,0,0,0,0,0,0,0,0,0,0,0,0,0,6.804,0,0,0,0,0,6.804,0,0,0,0,0,0,13.608,0,0,0,0,0,0,0,0,0,0,0,0,0,0,0,0,6.804,0,0,0,0,0,0,0,81.648,0,0,0,0,0,0,0,0,20.412,0,0,0,0,0,0,0,0,0,0,0,0,0,0,0,0,6.804,6.804,0,0,0,0,0,0,0,0,0,0,0,6.804,0,0,0,40.824,0,0,0,0,0,0,0,0,0,0,0,0,0,0,0,0,0,0,0,0,0,0,0,0,0,0,0,0,0,0,6.804,0,0,6.804,0,13.608,54.432,0,0,0,0,0,0,0,0,13.608,0,0,0,0,6.804,0,0,0,0,0,0,0,0,0,0,0,40.824,0,0,0,0,0,0,0,0,0,0,0,0,40.824,0,0,0,0,0,0,0,0,0,0,0,0,0,0,0,0,0,0,0,0,0,0,0,6.804,0,0,0,0,0,0,0,0,0,0,0,0,0,0,0,0,0,0,0,0,0
1988,1,090.0 070.0,1988-01-24,24,32.0846,-120.6387,2232.366666666667,2003.5,16,NA,33.383,5560,CALCOFI 8801,DAVID STARR JORDAN,1988-01-24,24,SC,90,70,216,32.083,-120.65,1988-01-24T05:27:00Z,1988-01-24T05:48:00Z,0,0,0,0,0,0,0,0,0,0,0,0,0,0,0,0,0,0,0,0,1.887,0,0,0,0,0,0,0,0,0,0,0,0,0,0,1.887,0,0,0,0,0,0,1.887,0,0,0,0,0,0,0,0,0,5.033,0,0,0,0,0,0,0,25.164,0,0,7.548,0,0,0,0,0,0,0,0,0,0,0,0,5.033,0,0,0,0,0,0,0,0,0,0,0,0,0,0,0,0,10.066,60.394,0,0,0,0,161.05,0,0,0,15.098,0,0,0,0,0,0,0,0,0,0,0,0,5.033,0,0,0,0,0,125.82,0,0,0,0,0,0,5.033,0,0,0,0,0,0,0,5.033,0,5.033,5.033,0,0,0,0,0,0,0,0,5.033,0,5.033,0,0,0,0,0,0,0,0,0,0,0,0,0,0,15.098,5.033,0,0,0,0,60.394,0,0,0,0,0,0,10.066,0,0,0,0,0,0,0,0,0,0,0,0,0,0,0,0,0,0,0,0,0,0,0,0,0,0,0,0,0,0,0,0,0,0,0,0,0,0,0,0,0,0,0,0,0
1988,5,090.0 070.0,1988-05-04,4,32.0846,-120.6387,2220.633333333333,1996.5333333333333,11,NA,33.30233333333333,5610,CALCOFI 8805,DAVID STARR JORDAN,1988-05-03,3,SC,90,70,215,32.083,-120.633,1988-05-03T22:28:00Z,1988-05-03T22:49:00Z,0,0,0,0,0,0,0,0,0,0,0,0,0,0,0,0,0,0,0,0,0,0,0,0,0,0,0,0,4.274,0,0,0,0,0,0,12.823,0,4.274,0,0,0,0,0,0,0,0,0,0,0,0,0,0,4.274,0,0,0,0,0,0,0,34.194,0,0,0,0,0,0,0,0,0,0,0,0,0,0,0,4.274,0,0,0,0,0,0,0,0,0,0,0,0,0,0,0,0,4.274,17.097,0,0,0,0,4.274,0,0,0,21.371,0,0,0,0,0,0,0,0,0,0,0,0,0,0,0,0,0,0,0,0,0,0,0,0,0,0,0,0,0,0,0,0,0,0,0,0,0,0,0,0,0,0,0,0,0,0,0,0,0,0,0,0,0,0,0,0,0,0,0,0,0,0,4.274,0,0,0,0,0,8.548,0,0,0,0,0,0,25.645,0,0,0,0,0,0,0,0,0,0,0,0,0,0,0,0,0,0,0,0,0,0,0,0,0,0,0,0,0,0,0,0,0,0,0,0,0,0,0,0,0,0,0,0,0
1989,1,090.0 070.0,1989-01-25,25.333333333333332,32.0846,-120.6387,2230.8,2004.3,10,NA,33.39833333333333,5652,CALCOFI 8901,DAVID STARR JORDAN,1989-01-24,24,SC,90,70,219,32.083,-120.633,1989-01-24T22:00:00Z,1989-01-24T22:22:00Z,0,0,0,0,0,0,0,0,0,0,0,0,0,0,0,0,0,0,0,0,0,0,9.47,0,0,0,0,0,0,0,0,0,0,0,0,0,0,0,0,0,0,0,0,0,0,0,14.204,0,0,0,0,0,23.674,0,0,0,0,0,0,0,7.102,0,0,2.367,0,0,0,0,0,14.204,0,0,0,0,0,0,9.47,0,0,0,0,0,0,0,0,0,0,0,0,0,0,0,0,7.102,9.47,0,0,0,0,16.572,0,0,0,7.102,0,0,0,0,0,0,0,0,0,0,0,0,0,0,0,0,0,0,0,0,0,0,0,0,0,0,0,0,0,0,0,0,0,0,0,0,0,0,0,0,0,0,0,0,0,0,0,0,0,0,0,0,0,0,0,0,0,0,0,0,0,0,0,0,0,0,0,0,0,0,0,0,0,0,0,0,0,0,0,0,0,0,0,0,0,0,0,0,0,0,0,0,0,0,0,0,0,0,0,0,0,0,0,0,0,0,0,0,0,0,0,0,0,0,0,0,0,0,0,0,0
1989,4,090.0 070.0,1989-04-21,21.333333333333332,32.0846,-120.6387,2222.4,1995.6666666666667,10,NA,33.284,5699,CALCOFI 8904,DAVID STARR JORDAN,1989-04-21,21,SC,90,70,209,32.083,-120.633,1989-04-21T05:58:00Z,1989-04-21T06:19:00Z,0,0,0,0,0,0,0,0,0,0,0,0,0,0,0,0,0,0,0,0,0,0,0,0,0,0,0,0,0,0,0,0,0,0,0,0,0,5.775,0,0,0,0,0,0,0,0,0,0,0,0,0,0,0,0,0,0,0,0,0,0,28.873,0,0,0,0,0,0,0,0,0,0,0,0,0,0,0,0,0,0,0,0,0,0,0,0,0,0,0,0,0,0,0,0,0,0,0,0,0,0,1.925,0,0,0,26.948,0,0,0,0,0,0,0,0,0,0,0,0,0,0,0,0,0,0,0,0,0,0,0,0,0,0,0,0,0,0,0,0,0,0,0,0,0,0,0,0,0,0,0,0,0,0,0,0,0,0,0,0,0,0,0,0,0,0,0,0,0,0,3.85,0,0,0,0,0,7.7,0,0,0,0,0,0,17.324,0,0,0,0,0,0,0,0,0,0,0,0,0,0,0,0,0,0,0,0,0,0,0,0,0,0,0,0,0,0,0,0,0,0,0,0,0,0,0,0,0,0,0,0,0
1989,11,090.0 070.0,1989-11-11,11.2,32.0846,-120.6387,NA,NA,10,NA,NA,5739,CALCOFI 8911,NEW HORIZON,1989-11-10,10,SC,90,70,211,32.083,-120.633,1989-11-10T22:38:00Z,1989-11-10T22:59:00Z,0,0,0,0,0,0,0,0,0,0,0,0,0,0,0,0,0,0,0,0,0,0,3.49,0,0,0,0,0,3.49,0,0,0,0,0,0,17.45,0,0,0,0,0,0,0,0,0,0,0,0,0,0,0,0,0,0,0,0,0,0,0,0,6.98,0,0,3.49,0,0,0,0,0,3.49,0,0,0,0,0,0,0,0,0,0,0,0,0,0,0,0,0,0,0,0,0,0,0,6.98,0,0,0,0,0,0,0,0,0,48.859,0,0,0,0,0,0,0,0,0,0,0,0,0,0,0,0,0,0,0,0,0,0,0,0,0,0,0,0,0,0,0,0,0,0,0,0,6.98,0,0,0,0,0,0,0,0,3.49,0,0,3.49,0,0,0,0,3.49,0,0,0,0,0,0,0,0,17.45,0,0,0,0,0,6.98,0,0,0,0,0,0,17.45,0,0,0,0,0,0,0,0,0,0,0,0,0,0,0,0,0,0,0,0,0,0,0,0,0,0,0,0,0,0,0,0,0,0,0,0,0,0,0,0,0,0,0,0,0
1990,3,090.0 070.0,1990-03-09,9.333333333333334,32.0846,-120.6387,2229,2007.6666666666667,10,NA,33.539,5792,CALCOFI 9003,DAVID STARR JORDAN,1990-03-09,9,SC,90,70,225,32.083,-120.633,1990-03-09T17:05:00Z,1990-03-09T17:26:00Z,0,0,0,0,0,0,0,0,0,0,0,0,0,0,0,0,0,0,0,0,0,0,0,2.025,0,0,0,0,5.85,0,0,0,0,0,0,0,0,0,0,0,0,0,0,0,0,0,0,0,0,0,0,0,15.75,0,0,0,0,0,0,0,118.125,0,0,2.025,0,0,0,0,0,31.5,0,0,0,0,0,0,5.85,0,0,0,0,0,0,0,0,0,0,0,0,0,0,0,0,0,0,0,0,0,0,15.75,0,0,0,724.725,0,0,0,0,0,0,0,0,0,0,0,0,0,0,0,0,0,0,0,0,0,0,0,0,0,0,0,0,0,0,0,0,0,0,0,0,0,0,0,0,0,0,0,0,0,0,2.025,5.85,0,0,0,0,2.025,0,0,0,0,0,0,0,0,0,2.025,0,0,0,0,0,23.625,0,0,0,0,0,0,15.75,0,0,0,0,0,0,0,0,0,0,0,0,0,0,0,0,0,0,0,0,0,0,0,0,0,0,0,0,0,0,0,0,0,0,0,0,0,0,0,0,0,0,0,0,0
1990,3,090.0 090.0,1990-03-09,9.333333333333334,31.4179,-121.99,2225.0666666666666,2002.3,10,NA,33.404,5790,CALCOFI 9003,DAVID STARR JORDAN,1990-03-08,8,SC,90,90,225,31.417,-121.983,1990-03-08T20:44:00Z,1990-03-08T21:05:00Z,0,0,0,0,0,0,0,0,0,0,0,0,0,0,0,0,0,0,0,0,0,0,0,0,0,0,0,0,3.825,0,0,0,0,0,0,0,0,7.875,0,0,0,0,3.825,0,7.875,0,0,0,0,0,0,0,70.65,0,0,0,0,0,0,0,31.5,0,0,11.7,7.875,0,0,0,0,31.5,0,0,0,0,0,0,7.875,0,0,0,0,0,0,0,0,0,3.825,0,0,0,0,0,0,11.7,94.275,0,0,0,0,204.3,0,0,0,416.475,0,0,0,0,0,0,0,0,0,0,0,0,0,0,0,0,0,0,0,0,0,0,0,0,0,0,0,0,0,0,0,0,0,0,0,0,0,0,0,0,0,0,0,0,0,15.75,0,0,0,0,0,0,0,3.825,0,0,0,0,0,0,0,0,31.5,0,0,0,0,0,78.525,0,0,0,0,0,0,86.4,0,0,0,0,0,0,0,0,0,0,0,0,0,0,0,0,0,0,0,0,0,0,0,0,0,0,0,0,0,0,0,0,0,0,0,0,0,0,0,0,0,0,0,0,0
1990,4,090.0 070.0,1990-04-22,22.333333333333332,32.0846,-120.6387,2219,1996.2,10,NA,33.302,5858,CALCOFI 9004,DAVID STARR JORDAN,1990-04-22,22,SC,90,70,204,32.083,-120.633,1990-04-22T01:13:00Z,1990-04-22T01:34:00Z,0,0,0,0,0,0,0,0,0,0,0,0,0,0,0,0,0,0,0,0,0,0,0.816,0,0,0,0,0,1.632,0,0,0,0,0,0,0.816,0,0,0,0,0,0,0.816,0,0,0,1.632,0,0,0,0,0,16.932,0,0,0,0,0,0,0,37.332,0,0,2.448,0.816,0,0,0,0,0,0,0,0,0,0,0,0,0,0,0,0,0,0,0,0,0,0,0.816,0,0,0,0,0,81.396,27.132,0,0,0,0,3.468,0,0,0,54.264,0,0,0,0,0,0,0,0,0,0,0,0,4.284,0,0,0,0,0,0,0,0,0,0,0,0,1.632,0,0,0,0,0,0,0,0,0,0.816,0,0,0,0,0,0,0,0,0,0.816,0,0,4.284,0,0,0,0.816,0.816,0,0,0,0,0,0,0,0,13.668,0,0,0,0,0,23.664,0,0,0,0,0,0,27.132,0,0,0,0,0,0,0,0,0,0,0,0,0,0,0,0,0,0,0,0,0,0,0,0,0,0,0,0,0,0,0,0,0,0,0,0,0,0,0,0,0,0,0,0,0
1990,4,090.0 090.0,1990-04-21,21.333333333333332,31.4179,-121.99,2229.6,2000.2,10,NA,33.464,5854,CALCOFI 9004,DAVID STARR JORDAN,1990-04-21,21,SC,90,90,221,31.417,-121.983,1990-04-21T11:32:00Z,1990-04-21T11:53:00Z,0,0,0,0,0,0,0,0,0,0,0,0,0,0,0,0,0,0,0,0,0,0,0,0,0,0,0,0,0,0,0,0,0,0,0,0,0,0,0,0,0,0,0,0,0,0,0,0,0,0,0,0,0,0,0,0,0,0,0,0,3.094,0,0,0,0,0,0,0,0,0,0,0,0,0,0,0,0,0,0,0,0,0,0,0,0,0,0,0.442,0,0,0,0,0,0,0,0,0,0,0,23.205,0,0,0,1.547,0,0,0,0,0,0,0,0,0,0,0,0,0.442,0,0,0,0,0,1.547,0,0,0,0,0,0,0,0,0,0,0,0,0,0,6.63,0,1.547,5.083,0,0,0,0,0,0,0,0,1.547,0,0,3.094,0,0,0,0,0.442,0,0,0,0,0,0,0,0,1.547,0,0,0,0,0,0,0,0,0,0,0,0,0,0,0,0,0,0,0,0,0,0,0,0,0,0,0,0,0,0,0,0,0,0,0,0,0,0,0,0,0,0.442,0,0,0,0,0,0,0,0,0,0,0,0,0,0,0,0
1990,4,090.0 120.0,1990-04-21,21.333333333333332,30.4179,-123.9989,2239.8,2022.2333333333331,10,NA,33.648,5849,CALCOFI 9004,DAVID STARR JORDAN,1990-04-20,20,SC,90,120,212,30.417,-124,1990-04-20T17:00:00Z,1990-04-20T17:21:00Z,0,0,0,0,0,0,0,0,0,0,0,0,0,0,0,0,0,0,0,0,0,0,0,8.692,0,0,0,0,1.484,0,0,0,0,0,0,0,0,0,0,0,1.06,0,0,0,0,0,0,0,0,0,0,0,0,0,0,0,0,0,0,0,0,0,0,1.484,0,0,0,0,0,7.208,0,0,0,0,0,0,0,0,0,0,0,0,0,0,0,0,0.424,0,0,0,0,1.484,1.06,0,0,0,0,0,0,0,0,0,0,0.424,0,0,0,0,0,0,0,0,0,8.692,7.208,0,0,0,0,0,0,0,0,0,0,0,0,0,0,0,0,0,0,0,1.484,1.06,0,2.968,0,0,1.484,1.484,2.968,8.692,8.692,0,0,0,0,0,0,1.484,2.968,0,0,0,1.484,0,0,0.424,0,0,2.968,0,0,0,1.06,0,0,0,0,0,0,0,0,0,0,0,0,0.424,0,0,0,0,0,0,0,0,0,0,0,0,0,0,0,0,0,0,0,0,0,0,0,10.176,1.484,0,0,0,0,0,0,0,0.424,0,0,0,0,0.424,0,0,0.424,0,0,0,0
1991,1,090.0 090.0,1991-01-12,12,31.4179,-121.99,NA,1990.075,10,NA,NA,5895,CALCOFI 9101,DAVID STARR JORDAN,1991-01-12,12,SC,90,90,204,31.417,-121.983,1991-01-12T18:55:00Z,1991-01-12T19:16:00Z,0,0,0,0,0,0,0,0,0,0,0,0,0,0,0,0,0,0,0,0,0,0,3.568,0,0,0,0,0,0,0,0,0,0,0,0,2.379,0,4.757,0,0,0,0,3.568,0,0,0,0,0,0,0,0,0,0,0,0,0,0,0,0,0,0,0,0,11.893,0,0,0,0,0,2.379,0,0,0,0,0,0,11.893,0,0,0,0,0,0,0,0,0,0,0,0,2.379,0,0,0,4.757,0,0,0,0,0,1.189,0,0,0,3.568,0,0,0,0,0,0,0,1.189,0,0,0,0,0,0,0,0,0,0,0,0,0,0,0,0,0,0,0,0,0,0,0,2.379,0,13.083,0,1.189,2.379,0,0,0,0,0,0,0,0,0,0,0,0,0,0,0,0,0,0,0,0,0,0,0,0,0,2.379,0,0,0,0,0,0,0,0,0,0,0,0,5.947,0,0,0,0,0,0,0,0,0,0,0,0,0,0,0,0,0,0,0,0,0,0,0,0,0,0,0,0,0,0,0,0,0,0,0,0,0,0,0,0,0,0,0,0,0
1991,3,090.0 070.0,1991-03-03,3.25,32.0846,-120.6387,2226.6,NA,10,NA,NA,5950,CALCOFI 9103,DAVID STARR JORDAN,1991-03-03,3,SC,90,70,217,32.083,-120.633,1991-03-03T10:03:00Z,1991-03-03T10:24:00Z,0,0,0,0,0,0,0,0,0,0,0,0,0,0,0,0,0,0,0,0,0,0,0,0.434,0,0,0,0,0,0,0,0,0,0,0,0,0,0,0.868,0,0,0,0,0,0,0,0,0,0,0,0,0,0,0,0,0,0,0,0,0,0,0,0,0,0.868,0,0,0,0,0,0,0,0,0,0,0,0,0,0,0,0,0,0,0,0,0,0,0,0,0,0,0,0,0,0,0,0,0,0,7.812,0,0,0,17.577,0,0,0,0,0,0,0,0,0,0,0,0,0,0,0,0,0,0,0,0,0,0,0,0,0,0.434,0,0,0,0,0,0,0,6.727,0,1.953,3.906,0,0,0,0,0,0,0,0,5.859,1.953,5.859,0,0,0,1.953,1.736,0.434,0,0,0,1.953,0,0,0,0,3.906,0,0,0,0,0,15.624,0,0,0,0,0,0,3.906,0,0,0,0,0,0,0,0,0,0,0,0,0,0,0,0,0,0,0,0,0,0,0,0,1.953,0,0,0,0,0,0,0,0,0,0,0,0,0,0,0,0,0,0,0,0
1991,3,090.0 090.0,1991-03-02,2.3333333333333335,31.4179,-121.99,2237.4666666666667,2001.9666666666667,10,NA,33.594,5947,CALCOFI 9103,DAVID STARR JORDAN,1991-03-02,2,SC,90,90,216,31.417,-121.983,1991-03-02T22:26:00Z,1991-03-02T22:47:00Z,0,1.944,0,1.944,0,0,0,0,0,0,0,0,0,0,0,0,0,0,0,0,0,0,0.864,5.832,0,0,0,0,1.944,0,0,0,0,0,0,0,0,3.888,1.944,9.504,1.944,0,0,0,0,0,0,0,0,0,0,0,0,0,0,0,0,0,0,0,1.728,0,0,6.696,11.448,0,0,0,0,26.784,0,0,0,0,0,0,1.944,0,0,0,0,0,0,0,0,0,0,3.888,0,0.864,0,0,0,0,0,0,0,0,0,9.504,0,0,0,0,0,0,0,0,0,0,0,0,0,3.888,0.864,0,0,0,0,0,0,0,0,0,0,0,0,0,0,0,0,0,0,0,0,0,0,7.776,0,1.944,3.888,0,0,0,0,0,0,0,0,0,0,0,0,0,0,1.944,0,0,0,0,0,0,0,0,0,0,1.728,0,0,0,0,0,28.512,0,0,0,0,0,0,0,0,0,0,0,0,0,0,0,0,0,0,0,0,0,0,0,0,0,0,0,0,0,3.888,0,0.864,0,0,0,0,0,0,0.864,0,0,0,0,0,0,0,0,0,0,0,0,0
1991,3,090.0 120.0,1991-03-02,2.3333333333333335,30.4179,-123.9989,2259.8,2007.1333333333332,10,NA,33.98,5946,CALCOFI 9103,DAVID STARR JORDAN,1991-03-02,2,SC,90,120,212,30.417,-124,1991-03-02T03:12:00Z,1991-03-02T03:33:00Z,5.512,1.908,7.208,0,0,0,0,0,0,0,0,0,0,0,0,0,0,0,0,0,0,0,0,1.908,0,0,0,0,0,0,0,0,0,0,0,0.848,0,21.836,3.816,1.908,1.908,0,0.848,0,0,0,0,0,0,0,0,0,0,0,0,0,0,0,0,0,0,0,0,1.696,1.908,0,0,0,0,7.632,0,0,0,0,0,0,1.908,0,0,0,0,0,0,0,0,0,0,0,0,1.696,1.908,5.512,1.908,0,0,0,0,0,0,0,0,0,0,0,0,0,0,0,0,0,0,0,0,3.604,2.544,0,0,0,0,0,0,0,0,0,0,0,0,0,0,0,0,0,0,0,0,0,0,0,0,1.908,3.604,3.816,3.604,0,0,0,0,0,0,5.512,1.908,0,3.816,0,0,0.848,0,0,0,1.908,0,1.908,1.908,0,0,0,0,0,0,0,0,0,0,0,0,0,0,0,0,0.848,0,0,0,0,0,0,0,0,0,0,0,0,0,0,0,0,0,0,0,0,0,3.392,19.928,7.42,1.696,0,0,0.848,0,0,0,0,0,0,0,0,0,3.604,0,0,0,0,0,0,0
1992,2,090.0 070.0,1992-02-01,1,32.0846,-120.6387,2216.7,NA,15,NA,33.204,6023,CALCOFI 9202,DAVID STARR JORDAN,1992-02-01,1,SC,90,70,208,32.083,-120.633,1992-02-01T23:04:00Z,1992-02-01T23:25:00Z,0,0,0,0,0,0,0,0,0,0,0,0,0,0,0,0,0,0,0,0,0,0,2.427,0,0,0,0,0,0,0,0,0,0,0,0,0,0,0,0,0,0,0,0,0,0,0,58.257,0,0,0,0,0,0,0,0,0,0,0,0,0,9.709,0,0,2.427,0,0,0,0,0,0,0,0,0,0,0,0,4.855,0,0,0,0,0,0,0,0,0,0,0,0,0,0,0,0,7.282,2.427,0,0,0,0,4.855,0,0,0,4.855,0,0,0,0,0,0,0,0,0,0,0,0,0,0,0,0,0,0,0,0,0,0,0,0,0,0,0,0,0,0,0,0,0,0,0,0,0,0,0,0,0,0,0,0,0,4.855,0,0,7.282,0,0,0,0,0,0,0,0,0,0,0,0,0,2.427,0,0,0,0,0,2.427,0,0,0,0,0,0,4.855,0,0,0,0,0,0,0,0,0,0,0,0,0,0,0,0,0,0,0,0,0,0,0,0,0,0,0,0,0,0,0,0,0,0,0,0,0,0,0,0,0,0,0,0,0
1993,1,090.0 070.0,1993-01-17,17,32.0846,-120.6387,NA,1980.825,NA,NA,NA,6114,CALCOFI 9301,DAVID STARR JORDAN,1993-01-17,17,SC,90,70,220,32.083,-120.633,1993-01-17T01:00:00Z,1993-01-17T01:21:00Z,0,0,0,0,0,0,0,0,0,0,0,0,0,0,0,0,0,0,0,0,2.708,0,0,0,0,0,0,0,0,0,0,0,0,0,0,2.708,0,0,0,0,0,0,0,0,0,0,0,0,0,0,0,0,10.833,0,0,0,0,0,0,0,27.082,0,0,2.708,5.416,0,0,0,0,13.541,0,0,0,0,0,0,13.541,0,0,0,0,0,0,0,0,0,2.708,0,0,0,0,0,0,0,27.082,0,0,0,0,102.912,0,0,0,64.997,0,0,0,0,0,0,0,0,0,0,0,0,0,0,0,0,0,0,5.416,0,0,0,0,0,0,2.708,0,0,0,0,0,0,0,0,0,0,2.708,0,0,0,0,0,0,0,0,5.416,0,0,2.708,0,0,0,0,0,0,0,0,0,0,0,0,0,10.833,0,0,0,0,0,29.79,0,0,0,0,0,0,13.541,0,0,0,0,0,0,0,0,0,0,0,0,0,0,0,0,0,0,0,0,0,0,0,0,0,0,0,0,0,0,0,0,0,0,0,0,0,0,0,0,0,0,0,0,0
1993,4,090.0 090.0,1993-04-03,3,31.4179,-121.99,2212.5,1985.1,10,15.09,33.116,6161,CALCOFI 9304,DAVID STARR JORDAN,1993-04-03,3,SC,90,90,217,31.417,-121.983,1993-04-03T17:05:00Z,1993-04-03T17:26:00Z,0,0,0,0,0,0,0,0,0,0,0,0,0,0,0,0,0,0,0,0,0,0,0,0,0,0,0,0,0,0,0,0,0,0,0,4.028,0,0,0,0,0,0,0,0,0,0,0,0,0,0,0,0,80.55,0,0,0,0,0,0,0,20.138,0,0,0,0,0,0,0,0,0,0,0,0,0,0,0,0,0,0,0,0,0,0,0,0,0,0,0,0,0,0,0,0,0,20.138,0,0,0,0,40.275,0,0,0,48.33,0,0,0,0,0,0,0,0,0,0,0,0,0,0,0,0,0,0,20.138,0,0,0,0,0,0,8.055,0,0,0,0,0,0,0,0,0,0,4.028,0,0,0,0,0,0,0,0,0,0,4.028,8.055,0,0,0,0,0,0,0,0,0,0,0,0,0,4.028,0,0,0,0,0,0,0,0,0,0,0,0,12.083,0,0,0,0,0,0,0,0,0,0,0,0,0,0,0,0,0,0,0,0,0,0,0,0,0,0,0,0,0,0,0,4.028,0,0,0,0,0,0,0,0,0,0,0,0,0
1996,4,090.0 090.0,1996-04-18,18,31.4179,-121.99,2227.6,1995,10,17.19,33.48,6426,CALCOFI 9604,DAVID STARR JORDAN,1996-04-19,19,SC,90,90,213,31.417,-122,1996-04-19T23:44:00Z,1996-04-20T00:05:00Z,3.796,0,3.796,3.796,0,0,0,0,0,0,0,0,0,0,0,0,0,0,0,0,0,0,3.796,3.796,0,0,0,0,3.796,0,0,0,0,0,0,0,0,3.796,0,3.796,0,0,3.796,0,0,3.796,0,0,0,0,0,0,0,0,0,0,0,0,0,0,0,0,0,3.796,7.591,0,0,0,0,15.183,0,0,0,0,0,0,0,0,0,0,0,0,0,0,0,0,3.796,0,0,0,0,3.796,0,0,0,0,0,0,0,0,0,0,0,0,0,0,0,0,0,0,0,0,0,0,3.796,0,0,0,0,0,0,0,0,0,0,0,0,0,0,0,0,0,0,0,0,0,0,0,0,3.796,0,0,0,3.796,0,0,0,0,0,0,0,0,3.796,0,0,0,0,0,0,0,0,11.387,0,0,0,0,0,0,0,0,0,0,3.796,0,0,0,0,0,0,3.796,0,0,0,0,0,0,0,0,0,0,0,0,0,0,0,0,0,0,0,0,0,3.796,0,3.796,0,0,0,0,3.796,0,0,0,0,0,0,0,0,0,0,0,0,0,0,0,0
1999,1,090.0 090.0,1999-01-13,13,31.4179,-121.99,2218.2,2002.1,10,14.09,33.329,6677,CALCOFI 9901,ROGER REVELLE,1999-01-13,13,SC,90,90,224,31.417,-121.983,1999-01-13T08:26:00Z,1999-01-13T08:47:00Z,0,0,0,0,0,0,0,0,0,0,0,0,0,0,0,0,0,0,0,0,0,0,0,0,0,0,0,0,0,0,0,0,0,0,0,1.743,0,1.743,0,0,0,0,0,0,0,0,0,0,0,0,0,0,1.743,0,0,0,0,0,0,0,0,0,0,6.971,0,0,0,0,0,1.743,0,0,0,0,0,0,20.913,0,0,0,0,0,0,0,0,0,0,0,0,0,0,0,0,0,0,0,0,0,0,0,0,0,0,5.228,0,0,0,0,0,0,0,0,0,0,0,0,0,0,0,0,0,0,1.743,0,0,0,0,0,0,1.743,0,0,1.743,0,0,0,0,1.743,0,0,1.743,0,0,0,0,0,0,0,0,0,0,0,3.485,0,0,0,3.485,1.743,0,0,0,0,0,0,0,0,1.743,0,0,0,0,0,6.971,0,0,0,0,0,0,0,0,0,0,0,0,0,0,0,0,0,0,0,0,0,0,0,0,0,0,0,0,0,0,1.743,0,0,0,0,0,0,0,0,0,0,0,0,0,0,0,0,0,0,0,0,0
1999,4,090.0 090.0,1999-04-05,5,31.4179,-121.99,2204.6,1997.3,10,13.34,33.053,6729,CALCOFI 9904,DAVID STARR JORDAN,1999-04-05,5,SC,90,90,216,31.417,-121.983,1999-04-05T17:07:00Z,1999-04-05T17:28:00Z,0,0,0,0,0,0,0,0,0,0,0,0,0,0,0,0,0,0,0,0,0,0,0,0,0,0,0,0,0,0,0,0,0,0,0,0,0,0,0,0,0,0,0,0,0,0,0,0,0,0,0,0,21.954,0,0,0,0,0,0,0,12.545,0,0,0,0,0,0,0,0,0,0,0,0,0,0,0,0,0,0,0,0,0,0,0,0,0,0,0,0,0,0,0,0,0,0,0,0,0,0,9.409,0,0,0,9.409,0,0,0,0,0,0,0,0,0,0,0,0,0,0,0,0,0,0,0,0,0,0,0,0,0,0,0,0,0,0,0,0,0,0,0,0,0,0,0,0,0,0,0,0,0,0,0,0,3.136,0,0,0,0,0,0,0,0,0,0,0,0,0,0,0,0,0,0,0,21.954,0,0,0,0,0,0,3.136,0,0,0,0,0,0,0,0,0,0,0,0,0,0,0,0,0,0,0,0,0,0,0,0,0,0,0,0,0,0,0,0,0,0,0,0,0,0,0,0,0,0,0,0,0
2000,1,090.0 090.0,2000-01-11,11,31.4179,-121.99,2228.1,2000.6,10,14.13,33.411,6786,CALCOFI 0001,NEW HORIZON,2000-01-11,11,SC,90,90,207,31.417,-121.983,2000-01-11T19:27:00Z,2000-01-11T19:48:00Z,0,0,0,0,0,0,0,0,0,0,0,0,0,0,0,0,0,0,0,0,0,0,8.298,4.149,0,0,0,0,0,0,0,0,0,0,0,8.298,0,0,0,0,0,0,12.447,0,0,12.447,0,4.149,0,0,0,0,12.447,0,0,0,0,0,0,0,4.149,0,0,20.746,0,0,0,0,0,0,0,0,0,0,0,0,20.746,0,0,0,0,0,0,0,0,0,0,0,0,0,0,0,0,4.149,62.237,0,0,0,0,224.053,0,0,0,37.342,0,0,0,0,0,0,0,0,0,0,0,0,0,0,0,0,0,0,0,0,0,0,0,0,0,0,0,0,0,0,0,0,0,0,0,0,0,0,0,0,0,0,0,0,0,0,0,4.149,0,0,0,0,0,0,0,0,0,0,0,0,0,0,12.447,0,0,0,0,0,45.64,0,0,0,0,0,0,0,0,0,0,0,0,0,0,0,0,0,0,0,0,0,0,0,0,0,0,0,0,0.939,0,0,0,0,0,0,0,0,0,0,0,0,0,0,0,0,0,0,0,0,0,0,0
2000,4,090.0 090.0,2000-04-10,10,31.4179,-121.99,2222.6,2010.3,10,14.3,33.37,6845,CALCOFI 0004,DAVID STARR JORDAN,2000-04-11,11,SC,90,90,214,31.417,-122,2000-04-11T17:44:00Z,2000-04-11T18:05:00Z,0,0,0,0,0,0,0,0,0,0,0,0,0,0,0,0,0,0,0,0,0,0,0,0,0,0,0,0,0,0,0,0,0,0,0,0,0,0,0,0,0,0,0,0,0,0,0,230.885,0,0,0,0,1685.458,0,0,0,0,0,0,0,277.062,0,0,0,0,0,0,0,0,23.088,0,0,0,0,0,0,0,0,0,0,0,0,0,0,0,0,0,0,0,0,0,0,0,0,23.088,0,0,0,0,46.177,0,0,0,0,0,0,0,0,0,0,0,0,0,0,0,0,0,0,0,0,0,0,0,0,0,0,0,0,0,0,0,0,0,0,0,0,0,0,0,0,0,0,0,0,0,0,0,0,0,0,0,0,23.088,0,0,0,0,0,0,0,0,0,0,0,0,0,0,0,0,0,0,0,0,0,0,0,0,0,0,0,0,0,0,0,0,0,0,0,0,0,0,0,0,0,0,0,0,0,0,0,0,0,0,0,0,0,0,0,0,0,0,0,0,0,0,0,0,0,0,0,0,0,0,0,0
2001,4,090.0 090.0,2001-04-11,11,31.4179,-121.99,2240,2010.6,10,15.16,33.636,6928,CALCOFI 0104,DAVID STARR JORDAN,2001-04-11,11,SC,90,90,219,31.417,-122,2001-04-11T00:44:00Z,2001-04-11T01:05:00Z,0,0,0,0,0,0,0,0,0,0,0,0,0,0,0,0,0,0,0,0,0,0,4.38,0,0,0,0,0,13.14,0,0,0,0,0,0,0,0,8.76,0,4.38,4.38,0,4.38,0,0,0,0,0,0,0,0,0,0,0,0,0,0,0,0,0,0,0,0,17.52,4.38,0,0,0,0,35.04,0,0,0,0,0,0,21.9,0,0,0,0,0,0,0,0,0,0,0.482,0,8.76,0,0,0,0,0,0,0,0,0,8.76,0,0,0,0,0,0,0,0,0,0,0,0,0,0,8.76,0,0,0,0,0,0,0,0,0,0,0,0,0,0,0,0,0,0.482,0,4.38,0,0,0,0,8.76,17.52,0,0,0,0,0,0,0,0,4.38,0,0,0,0,0,0,0,0,0,0,0,0,4.38,0,0,0,4.38,0,0,0,0,0,17.52,0,0,0,0,0,0,4.38,0,0,0,0,0,0,0,0,0,0,0,0,0,0,0,0,0,0,0,0,0,0,0,0,13.14,0,0,0,0,0,0,0,0,0,0,0,0,0,0,0,0,0,0,0,0
2009,1,080.0 055.0,2009-01-01,1,34.3167,-120.8024,2261.7666666666664,2181.516666666667,193.66666666666669,9.735,33.875,7200,CALCOFI 0901,NEW HORIZON,2009-01-19,19,SC,80,55,215,34.317,-120.8,2009-01-19T21:19:00Z,2009-01-19T21:40:00Z,0,0,0,0,0,0,0,0,0,0,0,0,0,0,0,0,0,0,0,0,0,0,0,0,0,0,0,0,0,0,0,0,0,0,0,0,0,0,0,0,0,0,0,0,0,0,184.9,16.125,0,0,0,0,40.205,0,0,0,0,0,0,0,4.085,0,0,0,0,0,0,0,0,0,0,0,0,0,0,0,0,0,0,0,0,0,0,0,0,0,0,0,0,0,0,0,0,0,19.995,0,0,0,0,4.085,0,0,0,4.085,0,0,0,0,0,0,0,0,0,0,0,0,0,0,0,0,0,0,0,0,0,0,0,0,0,0,0,0,0,0,0,0,0,0,0,0,0,0,0,0,0,0,0,0,0,0,4.085,1.935,1.935,0,0,0,0,0,0,0,0,0,0,0,0,0,1.935,0,0,0,0,0,0,0,0,0,0,0,0,1.935,0,0,0,0,0,0,0,0,0,0,0,0,0,0,0,0,0,0,0,0,0,0,0,0,0,0,0,0,0,0,0,0,0,0,0,0,0,0,0,0,0,0,0,0,0
2009,1,086.7 045.0,2009-01-01,1,33.4895,-119.3191,2255.9714285714285,2157.0428571428574,169.42857142857142,10.32857142857143,33.80571428571429,7194,CALCOFI 0901,NEW HORIZON,2009-01-14,14,SC,86.7,45,191,33.5,-119.317,2009-01-14T20:54:00Z,2009-01-14T21:15:00Z,0,0,0,0,0,0,0,0,0,0,0,0,0,0,0,0,0,0,0,0,0,0,0,0,0,0,0,0,0,0,0,0,0,0,0,0,0,0,0,0,0,0,0,0,0,0,7.067,26.74,0,0,0,0,16.044,0,0,0,0,0,0,0,0,0,0,1.719,0,0,0,0,0,0,0,0,0,0,0,0,0,0,0,0,0,0,0,0,0,0,0,0,0,0,0,0,0,1.719,53.48,0,0,0,0,10.696,0,0,0,5.348,0,0,0,0,0,0,0,0,0,0,0,0,0,0,0,0,0,0,0,0,0,0,0,0,0,0,0,0,0,0,0,0,0,0,0,0,0,0,0,0,0,0,0,0,0,10.696,1.719,0,1.719,0,0,0,1.719,0,0,0,0,0,0,0,0,0,0,0,0,0,0,0,0,0,0,0,0,0,0,0,0,0,0,0,0,0,0,0,0,0,0,0,0,0,0,0,0,0,0,0,0,0,0,0,0,0,0,0,0,0,0,0,0,0,0,0,0,0,0,0,0,0,0,0,0
2009,3,080.0 055.0,2009-03-01,1,34.3167,-120.8024,2258.7285714285713,2170.457142857143,168.85714285714283,9.694285714285714,33.822857142857146,7228,CALCOFI 0903,DAVID STARR JORDAN,2009-03-20,20,SC,80,55,216,34.32,-120.8,2009-03-20T01:22:00Z,2009-03-20T01:43:00Z,0,0,0,0,0,0,0,0,0,0,0,0,0,0,0,0,0,0,0,0,0,0,0,0,0,0,0,0,0,0,0,0,0,0,0,0,0,0,0,0,0,0,0,0,0,0,40.392,186.84,0,0,0,0,199.584,0,0,0,0,0,0,0,46.656,0,0,0,0,0,0,0,0,0,0,0,0,0,0,0,0,0,0,0,0,0,0,0,0,0,0,0,0,0,0,0,0,23.328,428.76,0,0,0,0,335.448,0,0,0,84.888,0,0,0,0,0,0,0,0,0,0,0,0,0,0,0,0,0,0,0,0,0,0,0,0,0,0,0,0,0,0,0,0,0,0,0,0,0,0,0,0,0,0,0,0,0,0,0,0,2.16,0,0,0,2.16,4.32,0,0,0,0,0,0,0,0,2.16,0,0,0,0,0,2.16,0,0,0,0,0,0,2.16,0,0,0,0,0,0,0,0,0,0,0,2.16,0,0,0,0,0,0,0,0,0,0,0,0,0,0,0,0,0,0,0,0,0,0,0,0,0,0,0,0,0,0,0,0,0
2009,3,086.7 045.0,2009-03-01,1,33.4895,-119.3191,2261.5285714285715,2169.014285714286,165.57142857142858,10.092857142857143,33.85142857142857,7220,CALCOFI 0903,DAVID STARR JORDAN,2009-03-15,15,SC,86.7,45,211,33.5,-119.32,2009-03-15T03:06:00Z,2009-03-15T03:27:00Z,0,0,0,0,0,0,0,0,0,0,0,0,0,0,0,0,0,0,0,0,0,0,0,0,0,0,0,0,0,0,0,0,0,0,0,0,0,0,0,0,0,0,0,0,0,0,91.363,1120.199,0,0,0,0,1600.435,0,0,0,0,0,0,0,53.383,0,0,0,0,0,0,0,0,0,0,0,0,0,0,0,0,0,0,0,0,0,0,0,0,0,0,0,0,0,0,0,0,7.596,26.586,0,0,0,0,41.989,0,0,0,57.181,0,0,0,0,0,0,0,0,0,0,0,0,0,0,0,0,0,0,0,0,0,0,0,0,0,0,0,0,0,0,0,0,0,0,0,0,0,0,0,0,0,0,0,0,0,0,3.798,7.596,0,0,0,0,0,0,0,0,0,0,0,0,0,0,0,0,0,0,0,0,0,0,0,0,0,0,0,0,0,0,0,0,0,0,49.585,0,0,0,0,133.352,0,0,0,0,0,0,0,0,0,0,0,0,0,0,0,0,0,0,0,0,0,0,0,0,0,0,0,0,0,0,0,0,0
2011,4,080.0 080.0,2011-04-01,1,33.4833,-122.5333,2251.442857142857,2156.6285714285714,200,9.65857142857143,33.62285714285714,7282,CALCOFI 1104,BELL M. SHIMADA,2011-04-24,24,SC,80,80,217,33.483,-122.533,2011-04-24T03:15:00Z,2011-04-24T03:36:00Z,0,0,0,0,0,0,0,0,0,0,0,0,0,0,0,0,0,0,0,0,0,0,0,10.633,0,0,0,0,4.123,0,0,0,0,0,0,0,0,4.123,0,0,4.123,0,0,0,0,2.17,0,2.17,0,0,0,0,33.852,0,0,0,0,0,0,0,27.559,0,0,10.633,6.293,0,0,0,0,8.463,0,0,0,0,0,0,8.463,0,0,0,0,0,0,0,0,0,0,0,0,2.17,0,0,0,2.17,133.021,0,0,0,0,88.753,0,0,0,37.975,0,0,0,0,0,0,0,2.17,0,0,2.17,0,0,0,0,0,0,0,0,0,0,0,0,0,0,0,0,0,0,0,2.17,0,0,0,0,4.123,0,0,0,0,0,0,0,0,0,6.293,2.17,19.096,12.586,0,0,0,0,2.17,0,2.17,0,0,0,0,0,0,2.17,0,0,0,0,0,2.17,0,0,0,0,0,0,6.293,0,0,0,0,0,0,0,0,0,0,0,0,0,0,0,0,0,0,0,0,0,0,0,0,0,0,0,0,0,0,0,0,0,0,0,0,2.17,0,0,0,0,0,0,0,0
2011,4,081.8 046.9,2011-04-01,1,34.2749,-120.0252,2279.3125,NA,177.875,8.793750000000001,34.0725,7279,CALCOFI 1104,BELL M. SHIMADA,2011-04-22,22,SC,81.8,46.9,198,34.283,-120.033,2011-04-22T20:23:00Z,2011-04-22T20:44:00Z,0,0,0,0,0,0,0,0,0,0,0,0,0,0,0,0,0,0,0,0,0,0,0,0,0,0,0,0,0,0,0,0,0,0,0,0,0,0,0,0,0,0,0,0,0,0,107.316,99.792,0,0,0,0,521.532,0,0,0,0,0,0,0,230.076,0,0,0,0,0,0,0,0,0,0,0,0,0,0,0,0,0,0,0,0,0,0,0,0,0,0,0,0,0,0,0,0,15.246,7.722,0,0,0,0,3.762,0,0,0,34.452,0,0,0,0,0,0,0,0,0,0,0,0,0,0,0,0,0,0,0,0,0,0,0,0,0,0,0,0,0,0,0,0,0,0,0,0,0,0,0,0,0,0,0,0,0,0,0,0,0,0,0,0,0,0,0,0,0,0,0,0,0,0,7.722,0,0,0,0,0,0,0,0,0,0,0,0,3.762,0,0,0,0,0,3.762,0,0,0,0,0,153.45,0,0,0,0,0,0,0,0,0,0,0,0,0,0,0,0,0,0,0,0,0,0,0,0,0,0,0,0,0,0,0,0,0
2011,4,090.0 030.0,2011-04-01,1,33.4179,-117.9058,2258.3142857142857,2178.9714285714285,170,10.228571428571428,33.847142857142856,7274,CALCOFI 1104,BELL M. SHIMADA,2011-04-17,17,SC,90,30,214,33.417,-117.9,2011-04-17T04:42:00Z,2011-04-17T05:03:00Z,0,0,0,0,0,0,0,0,0,0,0,0,0,0,0,0,0,0,0,0,0,0,0,0,0,0,0,0,0,0,0,0,0,0,0,0,0,0,0,0,0,0,0,0,0,0,99.082,0,0,0,0,0,32.956,0,0,0,0,0,0,0,90.736,0,0,0,0,0,0,0,0,0,0,0,0,0,0,0,0,0,0,0,0,0,0,0,0,0,0,2.14,0,0,0,0,0,24.824,0,0,0,0,0,16.478,0,0,0,82.604,0,0,0,0,0,0,0,0,0,0,0,0,0,0,0,0,0,0,0,0,0,0,0,0,0,0,0,0,0,0,0,0,0,0,0,0,0,0,0,0,0,0,0,0,0,12.412,0,8.346,16.478,0,0,0,0,0,0,0,0,0,0,0,0,0,2.14,0,0,0,0,0,8.346,0,0,0,0,0,0,32.956,0,0,0,0,0,0,0,0,0,0,0,2.14,0,0,0,0,0,0,0,0,0,0,0,0,0,0,0,0,0,0,0,0,0,0,0,0,0,0,0,0,0,0,0,0,0
2011,4,090.0 060.0,2011-04-01,1,32.4179,-119.9593,2261.7625,2170.975,178.5,9.81,33.84375,7271,CALCOFI 1104,BELL M. SHIMADA,2011-04-15,15,SC,90,60,213,32.417,-119.967,2011-04-15T19:47:00Z,2011-04-15T20:10:00Z,0,0,0,0,0,0,0,0,0,0,0,0,0,0,0,0,0,0,0,0,0,0,0,0,0,0,0,0,0,0,0,0,0,0,0,0,0,0,0,0,0,0,0,0,0,0,34.506,301.395,0,0,0,0,113.103,0,0,0,0,0,0,0,310.341,0,0,0,0,0,0,0,0,0,0,0,0,0,0,0,0,0,0,0,0,0,0,0,0,0,0,0,0,0,0,0,0,5.112,147.396,0,0,0,0,122.688,0,0,0,54.102,0,0,0,0,0,0,0,0,0,0,0,0,0,0,0,0,0,0,0,0,0,0,0,0,0,0,0,0,0,0,0,0,0,0,0,0,0,0,0,0,0,0,0,0,0,10.011,0,10.011,5.112,0,0,0,0,0,0,0,0,0,0,0,0,0,9.798,5.112,0,0,0,0,5.112,0,0,0,0,0,0,5.112,0,0,0,0,0,0,0,0,0,0,0,68.586,0,0,0,0,0,0,0,0,0,0,0,0,0,0,0,0,0,0,0,0,0,0,0,0,0,0,0,0,0,0,0,0,0
2011,4,093.3 030.0,2011-04-01,1,32.8464,-117.5312,2262.3142857142857,2187.4,170.42857142857142,10.088571428571427,33.9,7269,CALCOFI 1104,BELL M. SHIMADA,2011-04-10,10,SC,93.3,30,212,32.85,-117.533,2011-04-10T02:48:00Z,2011-04-10T03:07:00Z,0,0,0,0,0,0,0,0,0,0,0,0,0,0,0,0,0,0,0,0,0,0,0,0,0,0,0,0,0,0,0,0,0,0,0,0,0,0,0,0,0,0,0,0,0,0,110.24,19.504,0,0,0,0,30.316,0,0,0,0,0,0,0,21.624,0,0,0,0,0,0,0,0,0,0,0,0,0,0,0,0,0,0,0,0,0,0,0,0,0,0,0,0,0,0,0,0,21.624,6.572,0,0,0,0,8.692,0,0,0,34.556,0,0,0,0,0,0,0,0,0,0,0,0,0,0,0,0,0,0,0,0,0,0,0,0,0,0,0,0,0,0,0,0,0,0,0,0,0,0,0,0,0,0,0,0,0,2.12,0,0,0,0,0,0,0,0,0,0,0,0,0,0,0,0,0,0,0,0,0,0,0,0,0,0,0,0,0,12.932,0,0,0,0,0,0,2.12,0,0,0,0,60.632,0,0,0,0,0,0,0,0,0,0,0,0,0,0,0,0,0,0,0,0,0,0,0,0,0,0,0,0,0,0,0,0,0
2012,3,090.0 030.0,2012-03-01,1,33.4179,-117.9058,2268.6375,2184.9,177.5,10.12,33.94375,7296,CALCOFI 1203,BELL M. SHIMADA,2012-03-30,30,SC,90,30,205,33.417,-117.9,2012-03-30T02:28:00Z,2012-03-30T02:49:00Z,0,0,0,0,0,0,0,0,0,0,0,0,0,0,0,0,0,0,0,0,0,0,0,0,0,0,0,0,0,0,0,0,0,0,0,0,0,0,0,0,0,0,0,0,0,0,7.585,187.985,0,0,0,0,1045.705,0,0,0,0,0,0,0,7.585,0,0,0,0,0,0,0,0,0,0,0,0,0,0,0,0,0,0,0,0,0,0,0,0,0,0,0,0,0,0,0,0,3.69,158.055,0,0,0,0,173.02,0,0,0,60.27,0,0,0,0,0,0,0,0,0,0,0,0,0,0,0,0,0,0,0,0,0,0,0,0,0,0,0,0,0,0,0,0,0,0,0,0,0,0,0,0,0,0,0,0,0,0,0,3.69,7.585,0,0,0,0,0,0,0,0,0,0,0,0,0,11.275,3.69,0,0,0,0,30.135,0,0,0,0,0,0,3.69,0,0,0,0,0,0,41.41,0,0,0,0,63.96,0,0,0,0,0,0,0,0,0,0,0,0,0,0,0,0,0,0,0,0,0,0,0,0,0,0,0,0,0,0,0,0,0
2012,3,090.0 060.0,2012-03-01,1,32.4179,-119.9593,2257.0125,2158.7875,178,10.1875,33.82125,7292,CALCOFI 1203,BELL M. SHIMADA,2012-03-29,29,SC,90,60,193,32.417,-119.95,2012-03-29T04:24:00Z,2012-03-29T04:44:00Z,0,0,0,0,0,0,0,0,0,0,0,0,0,0,0,0,0,0,0,0,0,0,0,0,0,0,0,0,0,0,0,0,0,0,0,3.088,0,0,0,0,0,0,0,0,0,0,12.352,12.352,0,0,0,0,71.024,0,0,0,0,0,0,0,15.44,0,0,0,0,0,0,0,0,0,0,0,0,0,0,0,0,0,0,0,0,0,0,0,0,0,0,0,0,0,0,0,0,37.056,74.112,0,0,0,0,228.512,0,0,0,98.816,0,0,0,0,0,0,0,0,0,0,0,0,0,0,0,0,0,0,0,0,0,0,0,0,0,0,0,0,0,0,0,0,0,0,0,3.088,0,0,0,0,0,0,0,0,0,18.528,0,18.528,3.088,0,0,0,0,0,0,0,0,0,0,0,0,0,12.352,0,0,0,0,0,18.528,0,0,0,0,0,0,6.176,0,0,0,0,0,0,0,0,0,0,0,0,0,0,0,0,0,0,0,0,0,0,0,0,0,0,0,0,0,0,0,0,0,0,0,0,0,0,0,0,0,0,0,0,0
2012,3,093.3 030.0,2012-03-01,1,32.8464,-117.5312,2283.675,2197.975,177.625,9.92,34.0025,7285,CALCOFI 1203,BELL M. SHIMADA,2012-03-25,25,SC,93.3,30,205,32.85,-117.533,2012-03-25T03:35:00Z,2012-03-25T03:55:00Z,0,0,0,0,0,0,0,0,0,0,0,0,0,0,0,0,0,0,0,0,0,0,0,0,0,0,0,0,0,0,0,0,0,0,0,0,0,0,0,0,0,0,0,0,0,0,19.68,244.36,0,0,0,0,441.57,0,0,0,0,0,0,0,27.675,0,0,0,0,0,0,0,0,0,0,0,0,0,0,0,0,0,0,0,0,0,0,0,0,0,0,0,0,0,0,0,0,11.89,78.925,0,0,0,0,31.57,0,0,0,3.895,0,0,0,0,0,0,0,0,0,0,0,0,0,0,0,0,0,0,0,0,0,0,0,0,0,0,0,0,0,0,0,0,0,0,0,0,0,0,0,0,0,0,0,0,0,0,0,0,0,0,0,0,3.895,0,0,0,0,0,0,0,0,0,0,0,0,0,0,0,55.145,0,0,0,0,0,0,7.79,0,0,0,0,0,7.79,78.925,0,0,0,0,362.645,0,0,0,0,0,0,0,0,0,0,0,0,0,0,0,0,0,0,0,0,0,0,0,0,0,0,0,0,3.895,0,0,0,0
2013,4,080.0 055.0,2013-04-01,1,34.3167,-120.8024,2266.011111111111,2183.5,159.11111111111114,9.53111111111111,33.91222222222222,7327,CALCOFI 1304,BELL M. SHIMADA,2013-04-20,20,SC,80,55,208,34.317,-120.8,2013-04-20T04:28:00Z,2013-04-20T04:48:00Z,0,0,0,0,0,0,0,0,0,0,0,0,0,0,0,0,0,0,0,0,0,0,0,0,0,0,0,0,0,0,0,0,0,0,0,0,0,0,0,0,0,0,0,0,0,0,167.44,13.936,0,0,0,0,2120.976,0,0,0,0,0,0,0,195.312,0,0,0,0,0,0,0,0,0,0,0,0,0,0,0,0,0,0,0,0,0,0,0,0,0,0,0,0,0,0,0,0,24.336,10.4,0,0,0,0,13.936,0,0,0,41.808,0,0,0,0,0,0,0,0,0,0,3.536,0,0,0,0,0,0,0,0,0,0,0,0,0,0,0,0,0,0,0,0,0,0,13.936,0,0,0,0,0,0,0,0,0,0,0,3.536,0,0,13.936,0,0,0,0,3.536,0,0,0,0,0,0,0,0,62.816,0,0,0,0,0,7.072,0,0,0,0,0,0,7.072,0,0,0,0,0,0,0,0,0,0,0,823.264,0,0,0,0,0,0,0,0,0,0,0,0,0,0,0,0,0,0,0,0,0,0,0,0,0,0,0,0,0,0,0,0,0
2013,4,080.0 080.0,2013-04-01,1,33.4833,-122.5333,2248.1125,2137.0499999999997,176.125,10.09375,33.665,7328,CALCOFI 1304,BELL M. SHIMADA,2013-04-20,20,SC,80,80,215,33.483,-122.533,2013-04-20T23:17:00Z,2013-04-20T23:37:00Z,0,0,0,0,0,0,0,0,0,0,0,0,0,0,0,0,0,0,0,0,0,0,0,0,0,0,0,0,0,0,0,0,0,0,0,0,0,1.72,0,1.72,0,0,0,0,0,0,15.91,0,0,0,0,0,24.94,0,0,0,0,0,0,0,53.32,0,0,1.72,0,0,0,0,0,1.72,0,0,0,0,0,0,0,0,0,0,0,0,0,0,0,0,0,0,0,0,0,0,0,8.815,0,0,0,0,0,7.095,0,0,0,161.68,0,0,0,0,0,0,0,1.72,0,0,3.655,0,0,0,0,0,0,0,0,0,0,0,0,0,0,0,0,0,0,0,0,0,0,1.72,0,0,0,0,0,0,0,0,0,0,0,7.095,7.095,24.94,5.375,0,0,0,0,1.72,0,0,0,0,0,0,0,0,102.985,0,0,0,0,0,0,0,0,0,0,0,0,3.655,0,0,0,0,0,0,0,0,0,0,0,0,0,0,0,0,0,0,0,0,0,0,0,0,1.72,0,0,0,0,0,0,0,0,0,0,0,0,0,0,0,0,0,0,0,0
2013,4,086.7 035.0,2013-04-01,1,33.8229,-118.6287,2258.885714285714,2186.985714285714,129,9.927142857142858,33.93857142857143,7317,CALCOFI 1304,BELL M. SHIMADA,2013-04-10,10,SC,86.7,35,204,33.817,-118.633,2013-04-10T02:57:00Z,2013-04-10T03:17:00Z,0,0,0,0,0,0,0,0,0,0,0,0,0,0,0,0,0,0,0,0,0,0,0,0,0,0,0,0,0,0,0,0,0,0,0,0,0,0,0,0,0,0,0,0,0,0,29.172,116.892,0,0,0,0,80.376,0,0,0,0,0,0,0,1.836,0,0,0,0,0,0,0,0,0,0,0,0,0,0,0,0,0,0,0,0,0,0,0,0,0,0,0,0,0,0,0,0,1.836,69.36,0,0,0,0,27.336,0,0,0,16.524,0,0,0,0,0,0,0,0,0,0,0,0,0,0,0,0,0,0,0,0,0,0,0,0,0,0,0,0,0,0,0,0,0,0,0,0,0,0,0,0,0,0,0,0,0,0,0,1.836,0,0,0,0,0,0,0,0,0,0,0,0,0,0,18.156,0,0,0,0,0,12.852,0,0,0,0,0,0,11.016,0,0,0,0,0,51.204,58.344,0,0,0,0,29.172,0,0,0,0,0,0,0,0,0,0,0,0,0,0,0,0,0,0,0,0,0,0,0,0,0,0,0,0,0,0,0,0,0
2013,4,090.0 053.0,2013-04-01,1,32.6513,-119.4823,2265.925,2179.3375,177.25,9.76875,33.9275,7322,CALCOFI 1304,BELL M. SHIMADA,2013-04-14,14,SC,90,53,201,32.65,-119.483,2013-04-14T19:46:00Z,2013-04-14T20:06:00Z,0,0,0,0,0,0,0,0,0,0,0,0,0,0,0,0,0,0,0,0,0,0,0,0,0,0,0,0,0,0,0,0,0,0,0,0,0,0,0,0,0,0,0,0,0,0,259.692,30.552,0,0,0,0,488.832,0,0,0,0,0,0,0,672.144,0,0,0,0,0,0,0,0,0,0,0,0,0,0,0,0,0,0,0,0,0,0,0,0,0,0,0,0,0,0,0,0,3.819,22.914,0,0,0,0,30.552,0,0,0,45.828,0,0,0,0,0,0,0,0,0,0,0,0,0,0,0,0,0,0,0,0,0,0,0,0,0,0,0,0,0,0,0,0,0,0,0,11.457,3.819,0,0,0,0,0,0,0,0,0,0,0,3.819,0,0,0,3.819,3.819,0,0,0,0,0,0,0,0,3.819,0,0,0,0,0,22.914,0,0,0,0,0,0,34.371,0,0,0,0,0,0,0,0,0,0,0,164.217,0,0,0,0,0,0,0,0,0,0,0,0,0,0,0,0,0,0,0,0,0,0,0,0,0,0,0,0,0,0,0,0,0
2013,4,093.3 030.0,2013-04-01,1,32.8464,-117.5312,2265.1625,2185.6375,177.75,10.1925,33.95875,7315,CALCOFI 1304,BELL M. SHIMADA,2013-04-07,7,SC,93.3,30,213,32.85,-117.533,2013-04-07T00:40:00Z,2013-04-07T01:00:00Z,0,0,0,0,0,0,0,0,0,0,0,0,0,0,0,0,0,0,0,0,0,0,0,0,0,0,0,0,0,0,0,0,0,0,0,0,0,0,0,0,0,0,0,0,0,0,90.525,86.478,0,0,0,0,59.001,0,0,0,0,0,0,0,3.834,0,0,0,0,0,0,0,0,0,0,0,0,0,0,0,0,0,0,0,0,0,0,0,0,0,0,0,0,0,0,0,0,5.964,66.882,0,0,0,0,0,0,0,0,49.203,0,0,0,0,0,0,0,0,0,0,0,0,0,0,0,0,0,0,0,0,0,0,0,0,0,0,0,0,0,0,0,0,0,0,0,0,0,0,0,0,0,0,0,0,0,1.917,0,3.834,3.834,0,0,0,1.917,0,0,0,0,0,0,0,0,0,9.798,0,0,0,0,0,3.834,0,0,0,0,0,0,7.881,0,0,0,0,0,0,0,0,0,0,0,66.882,0,0,0,0,0,0,0,0,0,0,0,0,0,0,0,0,0,0,0,0,0,0,0,0,0,0,0,0,0,0,0,0,0
2014,4,080.0 070.0,2014-04-01,1,33.8167,-121.843,2255.9375,2156.525,177.125,10.075,33.7725,7347,CALCOFI 1404,OCEAN STARR,2014-04-13,13,SC,80,70,211,33.817,-121.85,2014-04-13T21:51:00Z,2014-04-13T22:12:00Z,0,0,0,0,0,0,0,0,0,0,0,0,0,0,0,0,0,0,0,0,0,0,0,0,0,0,0,0,0,0,0,0,0,0,0,0,0,0,0,0,0,0,0,0,0,0,84.4,4.431,0,0,0,0,0,0,0,0,0,0,0,0,114.784,0,0,0,0,0,0,0,0,0,0,0,0,0,0,0,0,0,0,0,0,0,0,0,0,0,0,2.11,0,0,0,0,0,25.953,58.447,0,0,0,0,8.651,0,0,0,30.384,0,0,0,0,0,0,0,0,0,0,0,0,0,0,0,0,0,0,0,0,0,0,0,0,0,0,0,0,0,0,0,0,0,8.651,0,0,0,0,0,0,0,0,0,0,0,45.365,6.541,6.541,19.412,0,0,0,0,0,0,0,0,0,0,0,0,0,64.988,4.431,0,0,0,0,6.541,0,0,0,0,0,0,4.431,0,0,0,0,0,0,0,0,0,0,0,0,0,0,0,0,0,0,0,0,0,0,0,0,0,0,0,0,0,0,0,0,0,0,0,0,0,0,0,0,0,0,0,0,0
2014,4,080.0 080.0,2014-04-01,1,33.4833,-122.5333,2252.61,2131.93,146.59999999999997,11.068,33.75,7348,CALCOFI 1404,OCEAN STARR,2014-04-14,14,SC,80,80,213,33.483,-122.533,2014-04-14T04:10:00Z,2014-04-14T04:30:00Z,0,0,0,0,0,0,0,0,0,0,0,0,0,0,0,0,0,0,0,0,0,0,0,0,0,0,0,0,0,0,0,0,0,0,0,0,0,0,0,0,0,0,0,0,0,0,43.239,0,0,0,0,0,17.253,0,0,0,0,0,0,0,34.506,0,0,0,0,0,0,0,0,0,0,0,0,0,0,0,0,0,0,0,0,0,0,0,0,0,0,0,0,0,0,0,0,108.204,17.253,0,0,0,0,25.986,0,0,0,220.668,0,0,0,0,0,0,0,0,0,0,0,0,0,0,0,0,0,0,0,0,0,0,0,0,0,0,0,0,0,0,0,0,0,0,0,0,0,0,0,0,0,0,4.26,0,0,12.993,0,17.253,12.993,0,0,0,0,0,0,0,0,0,0,0,0,0,64.965,4.26,0,0,0,0,25.986,0,0,0,0,0,0,21.726,0,0,0,0,0,0,0,0,0,0,0,0,0,0,0,0,0,0,0,0,0,0,0,0,0,0,0,0,0,0,0,0,0,0,0,0,0,0,0,0,0,0,0,0,0
2014,4,086.7 033.0,2014-04-01,1,33.8895,-118.4903,2248.8,NA,16,12.935,33.525,7341,CALCOFI 1404,OCEAN STARR,2014-04-07,7,SC,86.7,33,43,33.883,-118.483,2014-04-07T22:59:00Z,2014-04-07T23:04:00Z,0,0,0,0,0,0,0,0,0,0,0,0,0,0,0,0,0,0,0,0,0,0,0,0,0,0,0,0,0,0,0,0,0,0,0,0,0,0,0,0,0,0,0,0,0,0,0,16.813,0,0,0,0,0,0,0,0,0,0,0,0,0,0,0,0,0,0,0,0,0,0,0,0,0,0,0,0,0,0,0,0,0,0,0,0,0,0,0,0,0,0,0,0,0,0,5.59,0,0,0,0,0,0,0,0,1.849,0,0,0,0,0,0,0,0,0,0,0,0,59.813,59.813,0,0,0,0,97.223,0,0,0,0,0,0,9.331,0,0,0,0,0,0,0,0,0,0,0,0,0,0,0,0,0,0,0,0,0,0,0,0,0,0,0,0,0,0,0,0,0,0,0,0,0,0,0,0,0,0,0,0,0,0,0,0,0,1.849,0,0,0,0,0,0,16.813,0,0,0,0,13.072,0,0,0,0,0,0,0,0,0,0,0,0,0,0,0,0,0,0,0,0,0,0,0,0,0,0,0,0,0,0,0,0,0
2014,4,086.7 035.0,2014-04-01,1,33.8229,-118.6287,2261.425,2181.2999999999997,177.125,9.88625,33.932500000000005,7343,CALCOFI 1404,OCEAN STARR,2014-04-08,8,SC,86.7,35,200,33.817,-118.633,2014-04-08T02:04:00Z,2014-04-08T02:24:00Z,0,0,0,0,0,0,0,0,0,0,0,0,0,0,0,0,0,0,0,0,0,0,0,0,0,0,0,0,0,0,0,0,0,0,0,0,0,0,0,0,0,0,0,0,0,0,196.8,303.8,0,0,0,0,12.8,0,0,0,0,0,0,0,98.4,0,0,0,0,0,0,0,0,0,0,0,0,0,0,0,0,0,0,0,0,0,0,0,0,0,0,0,0,0,0,0,0,25.6,42.8,0,0,0,0,4.2,0,0,0,17.2,0,0,0,0,0,0,0,0,0,0,0,0,0,0,0,0,0,0,0,0,0,0,0,0,0,0,0,0,0,0,0,0,0,0,0,0,0,0,0,0,0,0,0,0,0,0,0,0,17.2,0,0,0,4.2,0,0,0,0,0,0,0,0,0,8.6,0,0,0,0,0,0,0,0,0,0,0,0,0,0,0,0,0,0,0,30,0,0,0,0,12.8,0,0,0,0,0,0,4.2,0,0,0,0,0,0,0,0,0,0,0,0,0,0,0,0,0,0,0,0,0,0,0,0,0,0
2014,4,090.0 037.0,2014-04-01,1,33.1846,-118.3871,2236.5,NA,16,15.86,33.5,7342,CALCOFI 1404,OCEAN STARR,2014-04-07,7,SC,90,37,199,33.183,-118.383,2014-04-07T04:03:00Z,2014-04-07T04:24:00Z,0,0,0,0,0,0,0,0,0,0,0,0,0,0,0,0,0,0,0,0,0,0,0,0,0,0,0,0,0,0,0,0,0,0,0,0,0,0,0,0,0,0,0,0,0,0,28.656,1.99,0,0,0,0,16.318,0,0,0,0,0,0,0,1.99,0,0,0,0,0,0,0,0,0,0,0,0,0,0,0,1.99,0,0,0,0,0,0,0,0,0,0,0,0,0,0,0,0,1.99,65.471,0,0,0,0,116.614,0,0,0,59.302,0,0,0,0,0,0,0,0,0,0,0,0,0,0,0,0,0,0,0,0,0,0,0,0,0,0,0,0,0,0,0,0,0,0,0,0,0,0,0,0,0,0,0,0,0,4.179,0,6.169,8.159,0,0,0,0,4.179,0,0,0,0,0,0,0,0,26.666,10.149,0,0,0,0,49.153,0,0,0,0,0,0,16.318,0,0,0,0,0,0,0,0,0,0,0,0,0,0,0,0,0,0,0,0,0,0,0,0,0,0,0,0,0,0,0,0,0,0,0,0,0,0,0,0,1.99,0,0,0,0
2014,4,093.3 030.0,2014-04-01,1,32.8464,-117.5312,2262,2165.0375,177.125,10.75375,33.8675,7337,CALCOFI 1404,OCEAN STARR,2014-04-01,1,SC,93.3,30,186,32.85,-117.533,2014-04-01T21:02:00Z,2014-04-01T21:17:00Z,0,0,0,0,0,0,0,0,0,0,0,0,0,0,0,0,0,0,0,0,0,0,0,0,0,0,0,0,0,0,0,0,0,0,0,0,0,0,0,0,0,0,0,0,0,0,58.032,0,0,0,0,0,71.424,0,0,0,0,0,0,0,71.424,0,0,0,0,0,0,0,0,0,0,0,0,0,0,0,0,0,0,0,0,0,0,0,0,0,0,0,0,0,0,0,0,20.088,116.25,0,0,0,0,84.816,0,0,0,80.352,0,0,0,0,0,0,0,0,0,0,0,0,0,0,0,0,0,0,6.696,0,0,0,0,0,0,0,0,0,0,0,0,0,0,0,0,0,0,0,0,0,0,0,0,0,0,0,0,0,2.232,0,0,0,2.232,0,0,0,0,0,0,0,0,0,4.464,4.464,0,0,0,0,89.28,0,0,0,0,0,0,6.696,0,0,0,0,0,0,0,0,0,0,0,0,0,0,0,0,0,0,0,0,0,0,0,0,0,0,0,0,0,0,0,0,0,0,0,0,0,0,0,0,2.232,0,0,0,0
2015,4,080.0 055.0,2015-04-01,1,34.3167,-120.8024,2250.011111111111,2146.9333333333334,159.11111111111114,10.05,33.65555555555556,7369,CALCOFI 1504,New Horizon,2015-04-16,16,SC,80,55,210,34.313,-120.793,2015-04-16T03:29:00Z,2015-04-16T03:53:00Z,0,0,0,0,0,0,0,0,0,0,0,0,0,0,0,0,0,0,0,0,0,0,0,0,0,0,0,0,0,0,0,0,0,0,0,0,0,0,0,0,0,0,0,0,0,0,11.13,544.11,0,0,0,0,764.61,0,0,0,0,0,0,0,2632.14,0,0,18.48,0,0,0,0,0,0,0,0,0,0,0,0,0,0,0,0,0,0,0,0,0,0,0,7.35,0,0,0,0,0,58.8,132.3,0,0,0,0,205.8,0,0,0,235.2,0,0,0,0,0,0,0,0,0,0,0,0,0,0,0,0,0,0,55.23,0,0,0,0,0,0,3.78,0,0,0,0,0,0,0,22.05,0,0,14.7,0,0,0,0,0,0,0,0,0,3.78,18.48,7.35,0,0,0,0,3.78,0,0,0,0,0,0,0,0,7.35,0,0,0,0,0,176.4,0,0,0,0,0,0,44.1,0,0,0,0,0,0,25.83,0,0,0,0,40.53,0,0,0,0,0,0,0,0,0,0,0,0,0,0,0,0,0,0,0,0,0,0,0,0,0,0,0,0,0,0,0,0,0
2015,4,080.0 080.0,2015-04-01,1,33.4833,-122.5333,2247.4333333333334,2130.222222222222,163,10.823333333333332,33.595555555555556,7370,CALCOFI 1504,New Horizon,2015-04-16,16,SC,80,80,216,33.48,-122.532,2015-04-16T20:44:00Z,2015-04-16T21:06:00Z,0,0,0,0,0,0,0,0,0,0,0,0,0,0,0,0,0,0,0,0,0,0,0,0,0,0,0,0,0,0,0,0,0,0,0,1.944,0,0,0,0,0,0,0,0,0,0,0,4.104,0,0,0,0,371.952,0,0,0,0,0,0,0,39.96,0,0,7.992,14.04,0,0,0,0,1.944,0,0,0,0,0,0,0,0,0,0,0,0,0,0,1.944,0,1.944,1.944,0,0,0,0,0,0,28.08,0,0,0,0,179.928,0,0,0,52.056,0,0,0,0,0,0,0,0,0,0,0,0,0,0,0,0,0,0,25.92,0,0,0,0,0,0,12.096,0,0,0,0,0,0,0,0,0,4.104,1.944,0,0,0,0,0,0,0,0,12.096,22.032,23.976,4.104,0,0,0,1.944,0,0,0,0,0,0,0,0,0,15.984,0,0,0,0,0,60.048,0,0,0,0,0,0,28.08,0,0,0,0,0,0,0,0,0,0,0,0,0,0,0,0,0,0,0,0,0,0,0,0,0,0,0,0,0,0,0,0,0,0,0,0,0,0,0,0,0,0,0,0,0
2015,4,086.7 033.0,2015-04-01,1,33.8895,-118.4903,2231.05,NA,16,13.795,33.385000000000005,7364,CALCOFI 1504,New Horizon,2015-04-11,11,SC,86.7,33,40,87.25,-34.454,2015-04-11T00:23:00Z,2015-04-11T00:29:00Z,0,0,0,0,0,0,0,0,0,0,0,0,0,0,0,0,0,0,0,0,0,0,0,0.72,0,0,0,0,1.4,0,0,0,0,0,0,0,0,0,0,0,0,0,0,0,0,0,0,7.8,0,0,0,0,6.36,0,0,0,0,0,0,0,0,0,0,0,0,0,0,0,0,0,0,0,0,0,0,0,0,0,0,0,0,0,0,0,0,0,0,0,0,0,0,0,0,0,2.84,0,0,0,0,4.96,0,0,0,1.4,0,0,0,0,0,0,0,0,0,0,0,0,0,41.08,0,0,0,0,18.4,0,0,0,0,0,0,2.84,0,0,0,0,0,0,0,0,0,0,0,0,0,0,0,0,0,0,0,0,0,0,0,0,0,0,0,0,0,0,0,0,0,0,0,0,0.72,0,0,0,0,0,3.52,0,0,0,0,0,0,0.72,0,0,0,0,0,0,94.88,0,0,0,0,97.68,0,0,0,0,0,0,0,0,0,0,0,0,0,0,0,0,0,0,0,0,0,0,0,0,0,0,0,0,0,0,0,0,0
2015,4,086.7 035.0,2015-04-01,1,33.8229,-118.6287,2261.3625,2172.1375,177,10.025,33.8475,7365,CALCOFI 1504,New Horizon,2015-04-11,11,SC,86.7,35,203,33.823,-118.627,2015-04-11T03:08:00Z,2015-04-11T03:31:00Z,0,0,0,0,0,0,0,0,0,3.857,0,0,0,0,0,0,0,0,0,0,0,0,0,3.857,0,0,0,0,0,0,0,0,0,0,0,0,0,0,0,0,0,0,0,0,0,0,0,535.108,0,0,0,0,293.944,0,0,0,0,0,0,0,15.022,0,0,0,0,0,0,0,0,0,0,0,0,0,0,0,0,0,0,0,0,0,0,0,0,0,0,0,0,0,0,0,0,60.291,22.533,0,0,0,0,22.533,0,0,0,11.368,0,0,0,0,0,0,0,0,0,0,0,0,0,18.879,0,0,0,0,18.879,0,0,0,0,0,0,0,0,0,0,0,0,0,0,0,0,0,0,0,0,0,0,0,0,0,0,0,3.857,11.368,0,0,0,0,0,0,0,0,0,0,0,0,0,0,11.368,0,0,0,0,0,120.582,0,0,0,0,0,0,45.269,0,0,0,0,0,0,323.988,0,0,0,0,278.922,0,0,0,0,0,0,0,0,0,0,0,0,0,0,0,0,0,0,0,0,0,0,0,0,0,0,0,0,0,0,0,0,0
2015,4,090.0 045.0,2015-04-01,1,32.9179,-118.9355,2226.05,NA,16,16.235,33.29,7363,CALCOFI 1504,New Horizon,2015-04-10,10,SC,90,45,209,32.92,-118.935,2015-04-10T00:03:00Z,2015-04-10T00:26:00Z,0,0,0,0,0,0,0,0,3.762,16.511,0,0,0,36.575,0,0,0,0,0,0,9.196,0,0,1.881,0,0,0,0,9.196,0,0,0,0,0,0,0,0,0,0,0,0,0,0,0,0,0,0,1.881,0,0,0,0,18.392,0,0,0,0,0,0,0,5.434,0,0,0,12.749,0,0,0,0,31.141,0,0,0,0,0,0,0,0,0,0,0,0,0,0,0,0,0,0,0,0,0,0,0,7.315,7.315,0,0,0,0,120.802,0,0,0,109.725,0,0,0,0,0,0,0,0,0,0,0,0,1.881,0,0,0,0,0,0,0,0,0,0,0,0,0,0,0,0,0,0,0,0,7.315,0,12.749,3.762,0,0,0,0,0,0,0,0,5.434,18.392,5.434,3.762,0,0,1.881,3.762,0,0,0,0,0,0,0,0,0,33.022,3.762,0,0,0,0,223.212,0,0,0,0,0,0,47.652,0,0,0,0,0,0,0,0,0,0,0,65.835,0,0,0,0,0,0,0,0,0,0,0,0,0,0,0,0,0,0,0,0,0,0,0,0,0,0,0,0,0,0,0,0,0
2015,4,093.3 028.0,2015-04-01,1,32.913,-117.3944,2224.8,NA,15.5,15.465,33.269999999999996,7357,CALCOFI 1504,New Horizon,2015-04-04,4,SC,93.3,28,211,32.91,-117.395,2015-04-04T19:40:00Z,2015-04-04T20:02:00Z,0,0,0,0,0,0,0,0,0,0,0,0,0,2.954,0,0,0,0,0,0,1.055,0,0,0,0,0,0,0,20.467,0,0,0,0,0,0,6.752,0,0,0,1.055,0,0,0,0,0,0,0,0,0,0,0,0,5.908,0,0,0,0,0,0,0,1.899,0,0,0,0,0,0,0,0,9.706,0,0,0,0,0,0,0,0,0,0,0,0,0,0,0,0,0,0,0,0,0,0,0,1.055,46.631,0,0,0,0,100.858,0,0,0,38.824,0,0,0,0,0,0,0,0,0,0,0,0,0,60.135,0,0,0,0,36.925,0,0,0,0,0,0,0,0,0,0,0,0,0,0,0,0,2.954,0,0,0,0,0,0,0,0,0,4.853,1.055,8.651,1.055,0,0,1.055,1.899,1.899,0,0,0,0,0,0,0,0,18.357,0,0,0,0,0,66.043,0,0,0,0,0,0,40.723,0,0,0,0,0,0,0,0,0,0,0,1.055,0,0,0,0,0,0,0,0,0,0,0,0,0,0,0,0,0,0,0,0,0,0,0,0,0,0,0,0,0,0,0,0,0
2015,4,093.3 030.0,2015-04-01,1,32.8464,-117.5312,2259.3125,2164.7125,177,10.915,33.82,7358,CALCOFI 1504,New Horizon,2015-04-04,4,SC,93.3,30,212,32.843,-117.535,2015-04-04T22:20:00Z,2015-04-04T22:41:00Z,0,0,0,0,0,0,0,0,0,3.816,0,0,0,9.54,0,0,0,0,0,0,0,0,0,5.724,0,0,0,0,25.016,0,0,0,0,0,0,7.632,0,0,0,0,1.908,0,0,0,0,0,3.816,3.816,0,0,0,0,73.14,0,0,0,0,0,0,0,1.908,0,0,5.724,1.908,0,0,0,0,36.464,0,0,0,0,0,0,9.54,0,0,0,0,0,0,0,0,0,0,0,0,0,0,0,0,7.632,88.404,0,0,0,0,153.912,0,0,0,146.068,0,0,0,0,0,0,0,0,0,0,0,0,0,0,0,0,0,0,1.908,0,0,0,0,0,0,0,0,0,0,0,0,0,0,0,0,13.356,1.908,1.908,0,0,0,0,0,0,0,0,0,1.908,0,0,0,0,0,0,0,0,0,0,0,0,0,0,13.356,0,0,0,0,0,65.296,0,0,0,0,0,0,107.696,0,0,0,0,0,0,0,0,0,0,0,13.356,0,0,0,0,0,0,0,0,0,0,0,0,0,0,0,0,0,0,0,0,0,0,0,0,0,0,0,1.908,0,0,0,0,0
2016,4,070.0 090.0,2016-04-20,20,34.8821,-124.4805,2208.8,2001,2,NA,NA,7399,CALCOFI 1604,SHIMADA,2016-04-18,18,CC,70,90,211,34.883,-124.478,2016-04-18T01:30:00Z,2016-04-18T01:51:00Z,0,0,0,0,0,0,0,0,0,0,0,0,0,0,0,0,0,0,0,0,0,0,0.422,1.055,0,0,0,0,2.11,0,0,0,0,0,0,1.477,0,0,0,0,0,0,0.422,0,0,0,0.422,0,0,0,0,0,0,0,0,0,0,0,0,0,1.055,0,0,11.183,0.422,0,0,0,0,12.66,0,0,0,0,0,0,10.55,0,0,0,0,0,0,0,0,0,2.11,2.532,0,0,0,0,0,1.055,0,0,0,0,0,2.11,0,0,0,26.375,0,0,0,0,0,0,0,0,0,0,1.055,0,0,0,0,0,0,0,0,0,0,0,0,0,0,0,0,0,0,0,0,1.477,0,2.954,2.11,2.954,2.954,0,0,0,0,0,0,0,0,5.486,0,2.532,1.477,0,0,0.422,0.422,1.477,0,0,0,0,0,0,0,0,23.21,0,0,0,0,0,1.477,0,0,0,0,0,0,5.486,0,0,0,0,0,0,0,0,0,0,0,0,0,0,0,0,0,0,0,0,0,0,0,0,0,0,0,0,0,0,0,0,0,0,0,0,0,0,0,0.422,0.422,0,0,0,0
2016,4,080.0 051.0,2016-04-20,20,34.45,-120.5239,2247.9,2118.425,35.75,12.41375,33.64725,7388,CALCOFI 1604,SHIMADA,2016-04-12,12,SC,80,51,50,34.45,-120.523,2016-04-12T20:34:00Z,2016-04-12T20:39:00Z,0,0,0,0,0,0,0,0,0,0,0,0,0,0,0,0,0,0,0,0,0,0,0,0,0,0,0,0,0,0,0,0,0,0,0,0,0,0,0,0,0,0,0,0,0,0,6.85,13.7,0,0,0,0,683.75,0,0,0,0,0,0,0,0,0,0,0,0,0,0,0,0,0,0,0,0,0,0,0,0,0,0,0,0,0,0,0,0,0,0,0,0,0,0,0,0,0,27.35,0,0,0,0,47.85,0,0,0,0,0,0,0,0,0,0,0,0,0,0,0,0,382.9,164.1,0,0,0,0,998.3,0,0,0,0,0,0,547,0,0,0,0,0,0,0,0,0,0,0,0,0,0,0,0,0,0,0,0,0,0,0,0,0,0,0,0,0,0,0,0,0,0,0,0,0,0,0,0,0,0,0,0,0,0,0,0,0,0,0,0,0,0,0,0,27.35,0,0,0,0,1476.9,0,0,0,0,0,0,0,0,0,0,0,0,0,0,0,0,0,0,0,0,0,0,0,0,0,0,0,0,0,0,0,0,0
2016,4,080.0 055.0,2016-04-20,20,34.3167,-120.8024,2261.6111111111113,2183.5555555555557,160.05555555555554,9.980777777777778,33.80833333333333,7394,CALCOFI 1604,SHIMADA,2016-04-16,16,SC,80,55,213,34.318,-120.808,2016-04-16T01:05:00Z,2016-04-16T01:26:00Z,0,0,0,0,0,0,0,0,3.621,0,0,0,0,0,0,0,0,0,0,0,0,0,0,0,0,0,0,0,0,0,0,0,0,0,0,0,0,0,0,0,0,0,0,0,0,0,36.21,181.263,0,0,0,0,177.642,0,0,0,0,0,0,0,14.484,0,0,0,0,0,0,0,0,0,0,0,0,0,0,0,0,0,0,0,0,0,0,0,0,0,0,0,0,0,0,0,0,16.401,18.105,0,0,0,0,36.21,0,0,0,65.178,0,0,0,0,0,0,0,0,0,0,0,0,5.538,16.401,0,0,0,0,14.484,0,0,0,0,0,0,3.621,0,0,0,0,0,0,0,0,0,0,1.917,0,0,0,0,0,0,0,0,0,1.917,1.917,1.917,0,0,0,1.917,0,0,0,0,0,0,0,0,0,12.78,5.538,0,0,0,0,7.242,0,0,0,0,0,0,1.917,0,0,0,0,0,0,36.21,0,0,0,0,34.506,0,0,0,0,0,0,0,0,0,0,0,0,0,0,0,0,0,0,0,0,0,0,0,0,0,0,0,0,0,0,0,0,0
2016,4,083.3 055.0,2016-04-20,20,33.7451,-120.4092,2233.4,2045.8,2,NA,NA,7389,CALCOFI 1604,SHIMADA,2016-04-12,12,SC,83.3,55,210,33.745,-120.412,2016-04-12T02:02:00Z,2016-04-12T02:23:00Z,0,0,0,0,0,0,0,0,0,0,0,0,0,0,0,0,0,0,0,0,0,0,0,0,0,0,0,0,0,0,0,0,0,0,0,0,0,0,0,0,0,0,0,0,0,0,104.58,19443.27,0,0,0,0,10154.76,0,0,0,0,0,0,0,29.82,0,0,0,0,0,0,0,0,0,0,0,0,0,0,0,0,0,0,0,0,0,0,0,0,0,0,0,0,0,0,0,0,29.82,89.67,0,0,0,0,44.73,0,0,0,44.73,0,0,0,0,0,0,0,0,0,0,0,0,14.91,1314.18,0,0,0,0,1463.49,0,0,0,0,0,0,0,0,0,0,0,0,0,0,0,0,0,0,0,0,0,0,0,0,0,0,14.91,0,0,0,0,0,0,0,14.91,0,0,0,0,0,0,0,0,44.73,29.82,0,0,0,0,149.31,0,0,0,0,0,0,0,0,0,0,0,0,0,776.58,0,0,0,0,447.93,0,0,0,0,0,0,0,0,0,0,0,0,0,0,0,0,0,0,0,0,0,0,0,0,0,0,0,0,0,0,0,0,0
2016,4,090.0 030.0,2016-04-20,20,33.4179,-117.9058,2269.4875,2204.3125,177.875,10.334375,33.986625000000004,7383,CALCOFI 1604,SHIMADA,2016-04-07,7,SC,90,30,207,33.418,-117.903,2016-04-07T04:15:00Z,2016-04-07T04:36:00Z,0,0,0,0,0,0,0,0,0,0,0,0,0,0,0,0,0,0,0,0,0,0,0,3.933,0,0,0,0,0,0,0,0,0,0,0,0,0,0,0,0,0,0,0,0,0,0,11.799,118.197,0,0,0,0,386.469,0,0,0,0,0,0,0,3.933,0,0,0,0,0,0,0,0,0,0,0,0,0,0,0,0,0,0,0,0,0,0,0,0,0,0,0,0,0,0,0,0,0,23.598,0,0,0,0,7.866,0,0,0,15.732,0,0,0,0,0,0,0,0,0,0,0,0,15.732,331.2,0,0,0,0,630.936,0,0,0,0,0,0,11.799,0,0,0,0,0,0,0,43.47,0,0,0,0,0,0,0,0,0,0,0,0,0,0,0,0,0,0,0,0,0,0,0,0,0,0,0,0,0,0,0,0,0,0,0,0,0,0,0,0,0,0,0,0,0,0,0,0,118.197,0,0,0,0,457.47,0,0,0,0,0,0,0,0,0,0,0,0,0,0,0,0,0,0,0,0,0,0,0,0,0,0,0,0,0,0,0,0,0
2016,4,090.0 037.0,2016-04-20,20,33.1846,-118.3871,2241.25,2022.65,16,15.708,33.5215,7381,CALCOFI 1604,SHIMADA,2016-04-06,6,SC,90,37,212,33.183,-118.387,2016-04-06T20:56:00Z,2016-04-06T21:17:00Z,0,0,0,0,0,0,0,0,3.816,0,0,0,0,0,0,0,0,0,0,0,0,0,0,3.816,0,0,0,0,7.844,0,0,0,0,0,0,0,0,0,0,0,0,0,0,0,0,0,3.816,70.596,0,0,0,0,188.044,0,0,0,0,0,0,0,0,0,0,3.816,3.816,0,0,0,0,3.816,0,0,0,0,0,0,0,0,0,0,0,0,0,0,0,0,0,0,0,0,0,0,0,152.852,117.448,0,0,0,0,148.824,0,0,0,7.844,0,0,0,0,0,0,0,3.816,0,0,0,0,3.816,140.98,0,0,0,0,281.96,0,0,0,0,0,0,0,0,0,0,0,0,0,0,3.816,0,0,11.66,0,0,0,0,0,0,0,0,0,0,0,0,0,0,0,0,0,0,0,0,0,0,0,0,0,11.66,11.66,0,0,0,0,54.908,0,0,0,0,0,0,0,0,0,0,0,0,0,133.136,0,0,0,0,744.12,0,0,0,0,0,0,0,0,0,0,0,0,0,0,0,0,0,0,0,0,0,0,0,0,0,0,0,0,0,0,0,0,0
2016,4,090.0 060.0,2016-04-20,20,32.4179,-119.9593,2262.1,NA,199,10.782,33.811571428571426,7382,CALCOFI 1604,SHIMADA,2016-04-06,6,SC,90,60,210,32.418,-119.958,2016-04-06T04:32:00Z,2016-04-06T04:53:00Z,0,0,0,0,0,0,0,0,12.81,0,0,0,0,0,0,0,0,0,0,0,20.16,0,1.89,9.24,0,0,0,0,11.13,0,0,0,0,0,0,3.78,0,0,0,0,0,0,0,0,0,0,0,0,0,0,0,0,0,0,0,0,0,0,0,0,0,0,0,1.89,0,0,0,0,0,3.78,0,0,0,0,0,0,0,0,0,0,0,0,0,0,0,0,0,0,0,0,0,0,0,11.13,9.24,0,0,0,0,1.89,0,0,0,7.35,0,0,0,0,0,0,0,0,0,0,0,0,5.46,0,0,0,0,0,0,0,0,0,0,0,0,0,0,0,0,0,0,0,0,5.46,0,0,0,0,0,0,0,0,0,0,0,1.89,1.89,25.83,1.89,0,0,0,0,0,0,0,0,0,0,0,0,0,14.7,0,0,0,0,0,14.7,0,0,0,0,0,0,9.24,0,0,0,0,0,0,0,0,0,0,0,0,0,0,0,0,0,0,0,0,0,0,0,0,0,0,0,0,0,0,0,0,0,0,0,0,0,0,0,0,0,0,0,0,0
2016,4,093.3 028.0,2016-04-20,20,32.913,-117.3944,2236.7,2053.5,16,14.877,33.510000000000005,7374,CALCOFI 1604,SHIMADA,2016-04-01,1,SC,93.3,28,213,32.912,-117.395,2016-04-01T20:10:00Z,2016-04-01T20:31:00Z,0,0,0,0,0,0,0,0,0,0,0,0,0,0,0,0,0,0,0,0,3.834,0,0,0,0,0,0,0,0,0,0,0,0,0,0,0,0,0,0,0,0,0,0,0,0,0,0,3.834,0,0,0,0,18.957,0,0,0,0,0,0,0,0,0,0,0,0,0,0,0,0,0,0,0,0,0,0,0,0,0,0,0,0,0,0,0,0,0,0,0,0,0,0,0,0,41.748,7.668,0,0,0,0,28.329,0,0,0,11.289,0,0,0,0,0,0,0,0,0,0,0,0,0,212.148,0,0,0,0,208.314,0,0,0,0,0,0,0,0,0,0,0,0,0,0,7.668,0,0,0,0,0,0,0,0,0,0,0,0,0,0,0,0,0,0,0,0,0,0,0,0,0,0,0,0,0,0,0,0,0,0,9.372,0,0,0,0,0,0,3.834,0,0,0,0,0,0,3.834,0,0,0,0,64.326,0,0,0,0,0,0,0,0,0,0,0,0,0,0,0,0,0,0,0,0,0,0,0,0,0,0,0,0,0,0,0,0,0
2016,4,093.3 030.0,2016-04-20,20,32.8464,-117.5312,2264.8625,2177.675,177.5,10.941,33.894875,7375,CALCOFI 1604,SHIMADA,2016-04-01,1,SC,93.3,30,209,32.843,-117.532,2016-04-01T22:41:00Z,2016-04-01T23:02:00Z,0,0,0,0,0,0,0,0,1.881,0,0,0,0,0,0,0,0,0,0,0,0,0,0,0,0,0,0,0,0,0,0,0,0,0,0,0,0,0,0,0,0,0,0,0,0,0,0,0,0,0,0,0,47.443,0,0,0,0,0,0,0,0,0,0,1.881,0,0,0,0,0,0,0,0,0,0,0,0,0,0,0,0,0,0,0,0,0,0,0,0,0,0,0,0,0,1.881,71.06,0,0,0,0,82.973,0,0,0,114.532,0,0,0,0,0,0,0,0,0,0,0,0,1.881,122.474,0,0,0,0,67.298,0,0,0,0,0,0,11.913,0,0,0,0,0,0,0,0,0,0,1.881,0,0,0,0,0,0,0,0,0,0,0,0,0,0,0,0,0,0,0,0,0,0,0,0,0,1.881,0,0,0,0,0,5.852,0,0,0,0,0,0,5.852,0,0,0,0,0,0,71.06,0,0,0,0,150.271,0,0,0,0,0,0,0,0,0,0,0,0,0,0,0,0,0,0,0,0,0,0,0,0,0,0,0,0,0,0,0,0,0
2017,4,080.0 070.0,2017-04-20,20,33.8167,-121.843,2247.1625,2137.2375,176.35,10.4585,33.592875,7418,CALCOFI 1704,SHIMADA,2017-04-11,11,SC,80,70,213,33.815,-121.842,2017-04-11T00:04:00Z,2017-04-11T00:25:00Z,0,0,0,0,0,0,0,0,0,0,0,0,0,0,0,0,0,0,0,0,0,0,0,2.13,0,0,0,0,3.195,0,0,0,0,0,0,9.372,0,0,0,0,0,0,0,0,0,0,2.13,0,0,0,0,0,3.195,0,0,0,0,0,0,0,4.26,0,0,4.26,0,0,0,0,0,1.065,0,0,0,0,0,0,0,0,0,0,0,0,0,0,0,0,0,0,0,0,0,0,0,23.004,4.26,0,0,0,0,2.13,0,0,0,102.666,0,0,0,0,0,0,0,0,0,0,0,0,1.065,0,0,0,0,0,0,0,0,0,0,0,0,0,0,0,0,0,0,0,0,0,0,0,0,0,0,0,0,0,0,0,0,5.325,0,1.065,2.13,0,0,0,1.065,2.13,0,0,0,0,0,0,0,0,8.307,0,0,0,0,0,0,0,0,0,0,0,0,3.195,0,0,0,0,0,0,0,0,0,0,0,0,0,0,0,0,0,0,0,0,0,0,0,0,0,0,0,0,0,0,0,0,0,0,0,0,0,0,0,0,0,0,0,0,0
2017,4,083.3 042.0,2017-04-20,20,34.1784,-119.5085,2237.3,2070.1499999999996,16.15,12.8185,33.525999999999996,7417,CALCOFI 1704,SHIMADA,2017-04-09,9,SC,83.3,42,200,34.175,-119.51,2017-04-09T19:45:00Z,2017-04-09T20:06:00Z,0,0,0,0,0,0,0,0,0,0,0,0,0,0,0,0,0,0,0,0,0,0,0,0,0,0,0,0,0,0,0,0,0,0,0,0,0,0,0,0,0,0,0,0,0,0,42.8,384.8,0,0,0,0,3777.2,0,0,0,0,0,0,0,841,0,0,0,0,0,0,0,0,0,0,0,0,0,0,0,0,0,0,0,0,0,0,0,0,0,0,0,0,0,0,0,0,0,128.2,0,0,0,0,142.6,0,0,0,142.6,0,0,0,0,0,0,0,0,0,0,0,0,206.6,49.8,0,0,0,0,142.6,0,0,0,0,0,0,28.6,0,0,0,0,0,0,0,0,0,0,0,0,0,0,0,0,0,0,0,0,0,0,0,0,0,0,0,0,0,0,0,0,0,0,0,0,0,0,0,0,0,0,0,0,0,0,0,0,0,0,0,0,0,0,0,0,14.2,0,0,0,0,698.4,0,0,0,0,0,0,0,0,0,0,0,0,0,0,0,0,0,0,0,0,0,0,0,0,0,0,0,0,0,0,0,0,0
2017,4,090.0 045.0,2017-04-20,20,32.9179,-118.9355,2228.3,2062.5,16.9,13.4945,33.3935,7414,CALCOFI 1704,SHIMADA,2017-04-04,4,SC,90,45,196,32.92,-118.937,2017-04-04T01:58:00Z,2017-04-04T02:19:00Z,0,0,0,0,0,0,0,0,0,0,0,0,0,0,0,0,0,0,0,0,0,0,0,0,0,0,0,0,0,0,0,0,0,0,0,0,0,0,0,0,0,0,0,0,0,0,32.928,14.7,0,0,0,0,329.672,0,0,0,0,0,0,0,18.228,0,0,0,1.764,0,0,0,0,0,0,0,0,0,0,0,0,0,0,0,0,0,0,0,0,0,0,0,0,0,0,0,0,16.464,44.1,0,0,0,0,54.88,0,0,0,69.58,0,0,0,0,0,0,0,0,0,0,0,0,7.252,3.724,0,0,0,0,53.116,0,0,0,0,0,0,12.74,0,0,0,0,0,0,0,1.764,0,0,0,0,0,0,0,0,0,0,0,1.764,1.764,0,0,0,0,0,1.764,1.764,0,0,0,0,0,0,0,0,5.488,0,0,0,0,0,5.488,0,0,0,0,0,0,1.764,0,0,0,0,0,0,0,0,0,0,0,34.888,0,0,0,0,0,0,0,0,0,0,0,0,0,0,0,0,0,0,0,0,0,0,0,0,0,0,0,0,0,0,0,0,0
2017,4,090.0 053.0,2017-04-20,20,32.6513,-119.4823,2252.175,2138.7125,177.45000000000002,10.276875,33.686,7412,CALCOFI 1704,SHIMADA,2017-04-03,3,SC,90,53,214,32.648,-119.485,2017-04-03T20:36:00Z,2017-04-03T20:58:00Z,0,0,0,0,0,0,0,0,0,0,0,0,0,0,0,0,0,0,0,0,0,0,0,0,0,0,0,0,3.852,0,0,0,0,0,0,0,0,0,0,0,0,0,0,0,0,0,119.84,209.72,0,0,0,0,142.31,0,0,0,0,0,0,0,194.74,0,0,0,0,0,0,0,0,0,0,0,0,0,0,0,0,0,0,0,0,0,0,0,0,0,0,3.852,0,0,0,0,0,22.47,404.674,0,0,0,0,22.47,0,0,0,41.302,0,0,0,0,0,0,0,0,0,0,0,0,14.98,112.35,0,0,0,0,52.43,0,0,0,0,0,0,0,0,0,0,0,0,0,0,0,0,3.852,0,0,0,0,0,0,0,0,0,3.852,0,29.96,11.342,0,0,0,0,0,0,0,0,0,0,0,0,0,0,0,0,0,0,0,0,0,0,0,0,0,0,0,0,0,0,0,0,0,7.49,0,0,0,0,164.78,0,0,0,0,0,0,0,0,0,0,0,0,0,0,0,0,0,0,0,0,0,0,0,0,0,0,0,0,0,0,0,0,0
2018,4,080.0 055.0,2018-04-20,20,34.3167,-120.8024,2257.75,2145.866666666667,149,10.075,33.818666666666665,7448,CALCOFI 1804,SHIMADA,2018-04-17,17,SC,80,55,217,34.333,-120.805,2018-04-17T21:00:00Z,2018-04-17T21:22:00Z,0,0,0,0,0,0,0,0,0,0,0,0,0,0,0,0,0,0,0,0,0,0,0,0,0,0,0,0,0,0,0,0,0,0,0,0,0,0,0,0,0,0,0,0,0,0,101.99,152.768,0,0,0,0,27.342,0,0,0,0,0,0,0,70.525,0,0,0,0,0,0,0,0,0,0,0,0,0,0,0,0,0,0,0,0,0,0,0,0,0,0,0,0,0,0,0,0,7.812,17.577,0,0,0,0,7.812,0,0,0,52.948,0,0,0,0,0,0,0,0,0,0,0,0,3.906,0,0,0,0,0,1.953,0,0,0,0,0,0,0,0,0,0,0,0,0,0,0,0,0,0,0,0,0,0,0,0,0,0,1.953,0,5.859,0,0,0,0,0,0,0,0,0,0,0,0,0,0,0,0,0,0,0,0,0,0,0,0,0,0,0,0,0,0,0,0,0,1.953,0,0,0,0,0,1.953,0,0,0,0,0,0,1.953,0,0,0,0,0,0,0,0,0,0,0,0,0,0,0,0,0,0,0,0,0,0,0,0,0,0
2018,4,080.0 060.0,2018-04-20,20,34.15,-121.15,2234.3,2032.3,2.2,13.054,33.496,7451,CALCOFI 1804,SHIMADA,2018-04-18,18,SC,80,60,217,34.148,-121.148,2018-04-18T01:16:00Z,2018-04-18T01:40:00Z,0,0,0,0,0,0,0,0,0,0,0,0,0,0,0,0,0,0,0,0,0,0,0,0,0,0,0,0,0,0,0,0,0,0,0,0,0,0,0,0,0,0,0,0,0,0,130.417,946.337,0,0,0,0,201.159,0,0,0,0,0,0,0,14.973,0,0,0,0,0,0,0,0,0,0,0,0,0,0,0,0,0,0,0,0,0,0,0,0,0,0,0,0,0,0,0,0,7.378,126.728,0,0,0,0,33.635,0,0,0,11.284,0,0,0,0,0,0,0,0,0,0,0,0,7.378,14.973,0,0,0,0,0,0,0,0,0,0,0,0,0,0,0,0,0,0,0,7.378,0,0,0,0,0,0,0,0,0,0,0,3.689,0,0,3.689,0,0,0,0,0,0,0,0,0,0,0,0,0,0,0,0,0,0,0,0,0,0,0,0,0,0,0,0,0,0,0,0,0,0,0,0,0,0,7.378,0,0,0,0,0,0,0,0,0,0,0,0,0,0,0,0,0,0,0,0,0,0,0,0,0,0,0,0,0,0,0,0,0
2018,4,083.3 040.6,2018-04-20,20,34.2251,-119.4112,2244.6,2076,2,12.028,33.645,7449,CALCOFI 1804,SHIMADA,2018-04-17,17,SC,83.3,40.6,56,34.225,-119.41,2018-04-17T04:14:00Z,2018-04-17T04:17:00Z,0,0,0,0,0,0,0,0,0,0,0,0,0,0,0,0,0,0,0,0,0,0,0,0,0,0,0,0,0,0,0,0,0,0,0,0,0,0,0,0,0,0,0,0,0,0,0,480.48,0,0,0,0,110.376,0,0,0,0,0,0,0,0,0,0,0,0,0,0,0,0,0,0,0,0,0,0,0,0,0,0,0,0,0,0,0,0,0,0,0,0,0,0,0,0,0,32.48,0,0,0,0,0,0,0,0,0,0,0,0,0,0,0,0,0,0,0,0,0,0,9.744,0,0,0,0,9.744,0,0,0,0,0,0,0,0,0,0,0,0,0,0,0,0,0,0,0,0,0,0,0,0,0,0,0,0,0,0,0,0,0,0,0,0,0,0,0,0,0,0,0,0,0,0,0,0,0,0,0,0,0,0,0,0,0,0,0,0,0,0,0,188.272,0,0,0,0,35.728,0,0,0,0,0,0,0,0,0,0,0,0,0,0,0,0,0,0,0,0,0,0,0,0,0,0,0,0,0,0,0,0,0
2018,4,083.3 042.0,2018-04-20,20,34.1784,-119.5085,2249.4,2059.3,3,12.481,33.659,7450,CALCOFI 1804,SHIMADA,2018-04-17,17,SC,83.3,42,178,34.178,-119.507,2018-04-17T01:57:00Z,2018-04-17T02:14:00Z,0,0,0,0,0,0,0,0,0,0,0,0,0,0,0,0,0,0,0,0,0,0,0,0,0,0,0,0,0,0,0,0,0,0,0,0,0,0,0,0,0,0,0,0,0,0,26.166,611.608,0,0,0,0,576.542,0,0,0,0,0,0,0,48.06,0,0,0,0,0,0,0,0,0,0,0,0,0,0,0,0,0,0,0,0,0,0,0,0,0,0,0,0,0,0,0,0,8.722,65.504,0,0,0,0,131.008,0,0,0,65.504,0,0,0,0,0,0,0,0,0,0,0,0,4.45,30.616,0,0,0,0,34.888,0,0,0,0,0,0,0,0,0,0,0,0,0,0,0,0,0,0,0,0,0,0,0,0,0,0,0,0,4.45,0,0,0,0,0,0,0,0,0,0,0,0,0,0,0,0,0,0,0,0,0,0,0,0,0,0,0,0,0,0,0,0,0,0,69.954,0,0,0,0,61.232,0,0,0,0,0,0,4.45,0,0,0,0,0,0,0,0,0,0,0,0,0,0,0,0,0,0,0,0,0,0,0,0,0,0
2018,4,090.0 028.0,2018-04-20,20,33.4846,-117.7681,2241.8,2004.6,1,16.801,33.554,7444,CALCOFI 1804,SHIMADA,2018-04-11,11,SC,90,28,59,33.483,-117.768,2018-04-11T03:15:00Z,2018-04-11T03:22:00Z,0,0,0,0,0,0,0,0,0,0,0,0,0,0,0,0,0,0,0,0,0,0,0,0,0,0,0,0,0,0,0,0,0,0,0,0,0,0,0,0,0,0,0,0,0,0,60.239,73.632,0,0,0,0,241.015,0,0,0,0,0,0,0,167.383,0,0,0,0,0,0,0,0,0,0,0,0,0,0,0,0,0,0,0,0,0,0,0,0,0,0,0,0,0,0,0,0,0,107.144,0,0,0,0,80.358,0,0,0,147.264,0,0,0,0,0,0,0,0,0,0,0,0,6.667,26.786,0,0,0,0,63.602,0,0,0,0,0,0,0,0,0,0,0,0,0,0,0,0,0,0,0,0,0,0,0,0,0,0,0,0,0,0,0,0,0,0,0,0,0,0,0,0,0,0,0,0,3.363,0,0,0,0,0,0,0,0,0,0,0,3.363,0,0,0,0,0,0,3.363,0,0,0,0,200.836,0,0,0,0,0,0,6.667,0,0,0,0,0,0,0,0,0,0,0,0,0,0,0,0,0,0,0,0,0,0,0,0,0,0
2018,4,090.0 030.0,2018-04-20,20,33.4179,-117.9058,2241.25,2029.7,16,15.3055,33.56,7440,CALCOFI 1804,SHIMADA,2018-04-10,10,SC,90,30,208,33.417,-117.908,2018-04-10T23:48:00Z,2018-04-10T00:09:00Z,0,0,0,0,0,0,0,0,0,0,0,0,0,0,0,0,0,0,0,0,0,0,0,0,0,0,0,0,0,0,0,0,0,0,0,0,0,0,0,0,0,0,0,0,0,0,27.456,90.272,0,0,0,0,135.408,0,0,0,0,0,0,0,39.312,0,0,0,0,0,0,0,0,0,0,0,0,0,0,0,0,0,0,0,0,0,0,0,0,0,0,0,0,0,0,0,0,7.904,149.136,0,0,0,0,127.504,0,0,0,74.464,0,0,0,0,0,0,0,0,0,0,0,0,7.904,100.048,0,0,0,0,109.824,0,0,0,0,0,0,3.952,0,0,0,0,0,0,0,0,0,0,0,0,0,0,0,0,0,0,0,7.904,0,3.952,3.952,0,0,0,0,0,0,0,0,0,0,0,0,0,0,0,0,0,0,0,3.952,0,0,0,0,0,0,0,0,0,0,0,0,0,3.952,0,0,0,0,27.456,0,0,0,0,0,0,0,0,0,0,0,0,0,0,0,0,0,0,0,0,0,0,0,0,0,0,0,0,0,0,0,0,0
2018,4,090.0 060.0,2018-04-20,20,32.4179,-119.9593,2240.95,2018.9,16,13.991,33.448499999999996,7442,CALCOFI 1804,SHIMADA,2018-04-10,10,SC,90,60,213,32.417,-119.96,2018-04-10T01:02:00Z,2018-04-10T01:23:00Z,0,0,0,0,0,0,0,0,0,0,0,0,0,0,0,0,0,0,0,0,0,0,0,0,0,0,0,0,4.047,0,0,0,0,0,0,0,0,0,0,0,0,0,1.917,0,0,0,5.964,82.218,0,0,0,0,134.403,0,0,0,0,0,0,0,52.185,0,0,5.964,0,0,0,0,0,1.917,0,0,0,0,0,0,4.047,0,0,0,0,0,0,0,0,0,0,0,0,0,0,0,0,11.928,136.32,0,0,0,0,112.251,0,0,0,64.113,0,0,0,0,0,0,0,0,0,0,0,0,0,1.917,0,0,0,0,14.058,0,0,0,0,0,0,0,0,0,0,0,1.917,0,0,1.917,0,5.964,1.917,0,0,0,0,0,0,0,0,1.917,0,0,4.047,0,0,0,0,0,0,0,0,0,0,0,0,0,0,0,0,0,0,0,8.094,0,0,0,0,0,0,8.094,0,0,0,0,0,0,0,0,0,0,0,0,0,0,0,0,0,0,0,0,0,0,0,0,0,0,0,0,0,0,0,0,0,0,0,0,0,0,0,0,0,0,0,0,0
2018,4,093.3 028.0,2018-04-20,20,32.913,-117.3944,2240.15,2026.8,16,15.2185,33.5635,7434,CALCOFI 1804,SHIMADA,2018-04-05,5,SC,93.3,28,203,32.918,-117.398,2018-04-05T20:24:00Z,2018-04-05T20:45:00Z,0,0,0,0,0,0,0,0,0,0,0,0,0,0,0,0,0,0,0,0,0,0,0,0,0,0,0,0,0,0,0,0,0,0,0,0,0,0,0,0,0,0,0,0,0,0,9.541,15.225,0,0,0,0,68.411,0,0,0,0,0,0,0,32.277,0,0,0,0,0,0,0,0,0,0,0,0,0,0,0,0,0,0,0,0,0,0,0,0,0,0,0,0,0,0,0,0,9.541,148.393,0,0,0,0,285.215,0,0,0,72.268,0,0,0,0,0,0,0,0,0,0,0,0,0,5.684,0,0,0,0,17.052,0,0,0,0,0,0,1.827,0,0,0,0,0,0,0,0,0,0,0,0,0,0,0,0,0,0,0,0,0,1.827,1.827,0,0,0,1.827,0,0,0,0,0,0,0,0,0,0,0,0,0,0,0,3.857,0,0,0,0,0,0,0,0,0,0,0,0,0,0,0,0,0,0,22.736,0,0,0,0,0,0,0,0,0,0,0,0,0,0,0,0,0,0,0,0,0,0,0,0,0,0,0,0,0,0,0,0,0
2018,4,093.3 030.0,2018-04-20,20,32.8464,-117.5312,2241.5,2018.7,2,16.399,33.594,7435,CALCOFI 1804,SHIMADA,2018-04-05,5,SC,93.3,30,201,32.848,-117.523,2018-04-05T22:57:00Z,2018-04-05T23:18:00Z,0,0,0,0,0,0,0,0,0,0,0,0,0,0,0,0,0,0,0,0,0,0,0,0,0,0,0,0,0,0,0,0,0,0,0,0,0,0,0,0,0,0,0,0,0,0,1.809,7.437,0,0,0,0,33.768,0,0,0,0,0,0,0,3.819,0,0,0,0,0,0,0,0,0,0,0,0,0,0,0,0,0,0,0,0,0,0,0,0,0,0,1.809,0,0,0,0,0,7.437,52.461,0,0,0,0,217.482,0,0,0,59.898,0,0,0,0,0,0,0,0,0,0,0,0,0,1.809,0,0,0,0,3.819,0,0,0,0,0,0,1.809,0,0,0,0,0,0,0,0,0,0,0,0,0,0,0,0,0,0,0,0,0,3.819,3.819,0,0,0,1.809,0,0,0,0,0,0,0,0,0,0,0,0,0,0,0,13.065,0,0,0,0,0,0,0,0,0,0,0,0,0,0,0,0,0,0,33.768,0,0,0,0,0,0,0,0,0,0,0,0,0,0,0,0,0,0,0,0,0,0,0,0,0,0,0,0,0,0,0,0,0
2019,4,080.0 055.0,2019-04-20,20,34.3167,-120.8024,2257.633333333333,2143.733333333333,155.71666666666667,10.670333333333334,33.795833333333334,7478,CALCOFI 1904,REUBEN LASKER,2019-04-15,15,SC,80,55,211,34.328,-120.79,2019-04-15T04:12:00Z,2019-04-15T04:34:00Z,0,0,0,0,0,0,0,0,0,0,0,0,0,0,0,0,0,0,0,0,0,0,0,0,0,0,0,0,0,0,0,0,0,0,0,0,0,0,0,0,0,0,0,0,0,0,10.55,319.243,0,0,0,0,744.619,0,0,0,0,0,0,0,63.933,0,0,0,0,0,0,0,0,0,0,0,0,0,0,0,0,0,0,0,0,0,0,0,0,0,3.587,0,0,0,0,0,0,3.587,92.207,0,0,0,0,106.344,0,0,0,163.103,0,0,0,0,0,0,0,0,0,0,0,0,0,0,0,0,0,0,10.55,0,0,0,0,0,0,0,0,0,0,0,0,0,0,0,0,0,0,0,0,0,0,0,0,0,0,0,0,0,0,0,0,0,0,0,0,0,0,0,0,0,0,0,0,0,0,0,0,0,3.587,0,0,0,0,0,0,3.587,0,0,0,0,0,0,0,0,0,0,0,0,0,0,0,0,0,0,0,0,0,0,0,0,0,0,0,0,0,0,0,0,0,0,0,0,0,0,0,0,0,0,0,0,0
2019,4,080.0 080.0,2019-04-20,20,33.4833,-122.5333,2245.866666666667,NA,158.9,11.809333333333331,33.601,7479,CALCOFI 1904,REUBEN LASKER,2019-04-15,15,SC,80,80,206,33.487,-122.538,2019-04-15T19:58:00Z,2019-04-15T20:19:00Z,0,0,0,0,0,0,0,0,0,0,0,0,0,0,0,0,0,0,0,0,0,0,0,0,0,0,0,0,0,0,0,0,0,0,0,0,0,1.854,0,0,0,0,1.854,0,0,0,31.518,0,0,0,0,0,0,0,0,0,0,0,0,0,15.862,0,0,10.506,0,0,0,0,0,1.854,0,0,0,0,0,0,7.004,0,0,0,0,0,0,0,0,0,1.854,0,0,0,0,0,0,15.862,0,0,0,0,0,3.502,0,0,0,50.882,0,0,0,0,0,0,0,0,0,0,0,0,0,0,0,0,0,0,0,0,0,0,0,0,0,0,0,0,0,0,0,0,0,0,0,0,3.502,0,0,0,0,0,0,0,0,3.502,0,5.356,8.858,0,0,0,0,1.854,0,0,0,0,0,0,0,0,7.004,0,0,0,0,0,0,0,0,0,0,0,0,0,0,0,0,0,0,0,0,0,0,0,0,0,0,0,0,0,0,0,0,0,0,0,0,0,0,0,0,0,0,0,0,0,0,0,0,0,0,0,0,0,0,0,0,0,0
2019,4,083.3 040.6,2019-04-20,20,34.2251,-119.4112,2242.2,2061.9,3,13.312,33.623,7474,CALCOFI 1904,REUBEN LASKER,2019-04-09,9,SC,83.3,40.6,28,34.223,-119.42,2019-04-09T20:22:00Z,2019-04-09T20:26:00Z,0,0,0,0,0,0,0,0,0,0,0,0,0,0,0,0,0,0,0,0,0,0,0,0,0,0,0,0,0,0,0,0,0,0,0,0,0,0,0,0,0,0,0,0,0,0,0,43.708,0,0,0,0,181.664,0,0,0,0,0,0,0,0,0,0,0,0,0,0,0,0,0,0,0,0,0,0,0,0,0,0,0,0,0,0,0,0,0,0,0,0,0,0,0,0,0,0.672,0,0,0,0,3.416,0,0,0,0.672,0,0,0,0,0,0,0,0,0,0,0,0,0,2.744,0,0,0,0,8.204,0,0,0,0,0,0,1.372,0,0,0,0,0,0,0,0,0,0,0,0,0,0,0,0,0,0,0,0,0,0,0,0,0,0,0,0,0,0,0,0,0,0,0,0,0,0,0,0,0,0,0,0,0,0,0,0,0,0,0,0,0,0,0,0,0,0,0,0,0,8.204,0,0,0,0,0,0,0,0,0,0,0,0,0,0,0,0,0,0,0,0,0,0,0,0,0,0,0,0,0,0,0,0,0
2019,4,090.0 028.0,2019-04-20,20,33.4846,-117.7681,2242.8,1998.9,1.7,17.083,33.58,7470,CALCOFI 1904,REUBEN LASKER,2019-04-07,7,SC,90,28,209,33.485,-117.768,2019-04-07T20:41:00Z,2019-04-07T21:02:00Z,0,0,0,0,0,0,0,0,0,0,0,0,0,0,0,0,0,0,0,0,0,0,0,0,0,0,0,0,0,0,0,0,0,0,0,0,0,0,0,0,0,0,0,0,0,0,65.626,0,0,0,0,0,308.902,0,0,0,0,0,0,0,254.771,0,0,0,0,0,0,0,0,0,0,0,0,0,0,0,0,0,0,0,0,0,0,0,0,0,0,0,0,0,0,0,0,46.398,30.932,0,0,0,0,208.582,0,0,0,224.048,0,0,0,0,0,0,0,0,0,0,0,0,158.422,42.427,0,0,0,0,104.291,0,0,0,0,0,0,19.228,0,0,0,0,0,0,0,0,0,0,0,0,0,0,0,0,0,0,0,0,0,0,0,0,0,0,0,0,0,0,0,0,0,0,0,0,11.495,0,0,0,0,0,3.762,0,0,0,0,0,0,3.762,0,0,0,0,0,0,0,0,0,0,0,104.291,0,0,0,0,0,0,0,0,0,0,0,0,0,0,0,0,0,0,0,0,0,0,0,0,0,0,0,0,0,0,0,0,0
2019,4,090.0 030.0,2019-04-20,20,33.4179,-117.9058,2238.4,2036.2,16,14.8315,33.592,7471,CALCOFI 1904,REUBEN LASKER,2019-04-07,7,SC,90,30,197,33.417,-117.905,2019-04-07T23:15:00Z,2019-04-07T23:36:00Z,0,0,0,0,0,0,0,0,0,0,0,0,0,0,0,0,0,0,0,0,0,0,0,3.349,0,0,0,0,3.349,0,0,0,0,0,0,0,0,0,0,0,0,0,0,0,0,0,192.666,0,0,0,0,0,399.122,0,0,0,0,0,0,0,770.861,0,0,0,0,0,0,0,0,20.685,0,0,0,0,0,0,0,0,0,0,0,0,0,0,0,0,0,0,0,0,0,0,0,37.824,34.475,0,0,0,0,199.561,0,0,0,199.561,0,0,0,0,0,0,0,0,0,0,0,0,54.963,110.123,0,0,0,0,419.807,0,0,0,0,0,0,13.79,0,0,0,0,0,0,0,0,0,3.349,0,0,0,0,0,0,0,0,0,3.349,0,0,0,0,0,0,10.244,0,0,0,0,0,0,0,0,0,3.349,0,0,0,0,0,0,0,0,0,0,0,0,0,0,0,0,0,0,0,0,0,0,0,0,89.438,0,0,0,0,0,0,0,0,0,0,0,0,0,0,0,0,0,0,0,0,0,0,0,0,0,0,0,0,0,0,0,0,0
2019,4,090.0 060.0,2019-04-20,20,32.4179,-119.9593,2240.35,2040.7,16.9,15.5195,33.597,7472,CALCOFI 1904,REUBEN LASKER,2019-04-07,7,SC,90,60,206,32.42,-119.958,2019-04-07T00:44:00Z,2019-04-07T01:05:00Z,0,0,0,0,0,0,0,0,0,0,0,0,0,0,0,0,0,0,0,0,0,0,0,0,0,0,0,0,0,0,0,0,0,0,0,0,0,0,0,0,0,0,0,0,0,0,0,132.458,0,0,0,0,500.374,0,0,0,0,0,0,0,29.458,0,0,0,33.166,0,0,0,0,22.042,0,0,0,0,0,0,0,0,0,0,0,0,0,0,0,0,0,0,0,0,0,0,0,132.458,676.916,0,0,0,0,794.542,0,0,0,117.626,0,0,0,0,0,0,0,0,0,0,0,0,0,0,0,0,0,0,7.416,0,0,0,0,0,0,3.708,0,0,0,0,0,0,0,11.124,0,0,0,0,0,0,0,0,0,0,0,0,3.708,0,0,0,0,0,0,0,0,0,0,0,0,0,0,0,3.708,0,0,0,0,0,36.874,0,0,0,0,0,0,0,0,0,0,0,0,0,0,0,0,0,0,11.124,0,0,0,0,0,0,0,0,0,0,0,0,0,0,0,0,0,0,0,0,0,0,0,0,0,0,0,0,0,0,0,0,0
2019,4,093.3 030.0,2019-04-20,20,32.8464,-117.5312,2261.42,2154.44,183.88,11.1106,33.9012,7466,CALCOFI 1904,REUBEN LASKER,2019-04-02,2,SC,93.3,30,205,32.848,-117.525,2019-04-02T21:23:00Z,2019-04-02T21:44:00Z,0,0,0,0,0,0,0,0,0,0,0,0,0,0,0,0,0,0,0,0,0,0,0,3.69,0,0,0,0,0,0,0,0,0,0,0,0,0,0,0,0,0,0,0,0,0,0,3.69,0,0,0,0,0,384.58,0,0,0,0,0,0,0,467.4,0,0,0,0,0,0,0,0,11.275,0,0,0,0,0,0,7.585,0,0,0,0,0,0,0,0,0,0,0,0,0,0,0,0,26.445,309.14,0,0,0,0,482.57,0,0,0,165.845,0,0,0,0,0,0,0,0,0,0,0,0,26.445,15.17,0,0,0,0,181.015,0,0,0,0,0,0,30.135,0,0,0,0,0,0,0,3.69,0,15.17,3.69,0,0,0,0,0,0,0,0,0,0,0,0,0,0,0,0,0,0,0,0,0,0,0,0,0,11.275,0,0,0,0,0,26.445,0,0,0,0,0,0,34.03,0,0,0,0,0,0,0,0,0,0,0,67.855,0,0,0,0,0,0,0,0,0,0,0,0,0,0,0,0,0,0,0,0,0,0,0,0,0,0,0,0,0,0,0,0,0
