EXPOCODE,Ship_Name,Date,Year_UTC,Month_UTC,Day_UTC,Time_UTC,Station_ID,Latitude.x,Longitude.x,Depth,CTDTEMP_ITS90,CTDTEMP_flag,Salinity_PSS78,Salinity_flag,DIC,DIC_flag,TA,TA_flag,RowNumber,Cruise,Ship,Region,Line,Station,MaxDepth,Latitude.y,Longitude.y,TowBegin,TowEnd,Euphausia_brevis_adult_Abundance,Euphausia_brevis_calyptopis_Abundance,Euphausia_brevis_furcilia_Abundance,Euphausia_brevis_juvenile_Abundance,Euphausia_diomedeae_adult_Abundance,Euphausia_distinguenda_adult_Abundance,Euphausia_distinguenda_furcilia_Abundance,Euphausia_distinguenda_juvenile_Abundance,Euphausia_eximia_adult_Abundance,Euphausia_eximia_calyptopis_Abundance,Euphausia_eximia_calyptopis_C2_Abundance,Euphausia_eximia_calyptopis_C3_Abundance,Euphausia_eximia_damaged_Abundance,Euphausia_eximia_furcilia_Abundance,Euphausia_eximia_furcilia_F1_Abundance,Euphausia_eximia_furcilia_F2_Abundance,Euphausia_eximia_furcilia_F3_Abundance,Euphausia_eximia_furcilia_F4_Abundance,Euphausia_eximia_furcilia_F5_Abundance,Euphausia_eximia_furcilia_F6_Abundance,Euphausia_eximia_juvenile_Abundance,Euphausia_eximia_larvae_Abundance,Euphausia_gibboides_adult_Abundance,Euphausia_gibboides_calyptopis_Abundance,Euphausia_gibboides_calyptopis_C1_Abundance,Euphausia_gibboides_calyptopis_C2_Abundance,Euphausia_gibboides_calyptopis_C3_Abundance,Euphausia_gibboides_damaged_Abundance,Euphausia_gibboides_furcilia_Abundance,Euphausia_gibboides_furcilia_F1_Abundance,Euphausia_gibboides_furcilia_F2_Abundance,Euphausia_gibboides_furcilia_F3_Abundance,Euphausia_gibboides_furcilia_F4_Abundance,Euphausia_gibboides_furcilia_F5_Abundance,Euphausia_gibboides_furcilia_F6_Abundance,Euphausia_gibboides_juvenile_Abundance,Euphausia_gibboides_larvae_Abundance,Euphausia_hemigibba_adult_Abundance,Euphausia_hemigibba_calyptopis_Abundance,Euphausia_hemigibba_furcilia_Abundance,Euphausia_hemigibba_juvenile_Abundance,Euphausia_lamelligera_adult_Abundance,Euphausia_mutica_adult_Abundance,Euphausia_mutica_calyptopis_Abundance,Euphausia_mutica_furcilia_Abundance,Euphausia_mutica_juvenile_Abundance,Euphausia_pacifica_adult_Abundance,Euphausia_pacifica_calyptopis_Abundance,Euphausia_pacifica_calyptopis_C1_Abundance,Euphausia_pacifica_calyptopis_C2_Abundance,Euphausia_pacifica_calyptopis_C3_Abundance,Euphausia_pacifica_damaged_Abundance,Euphausia_pacifica_furcilia_Abundance,Euphausia_pacifica_furcilia_F1_Abundance,Euphausia_pacifica_furcilia_F2_Abundance,Euphausia_pacifica_furcilia_F3_Abundance,Euphausia_pacifica_furcilia_F4_Abundance,Euphausia_pacifica_furcilia_F5_Abundance,Euphausia_pacifica_furcilia_F6_Abundance,Euphausia_pacifica_furcilia_F7_Abundance,Euphausia_pacifica_juvenile_Abundance,Euphausia_pacifica_larvae_Abundance,Euphausia_pacifica_metanauplius_Abundance,Euphausia_recurva_adult_Abundance,Euphausia_recurva_calyptopis_Abundance,Euphausia_recurva_calyptopis_C1_Abundance,Euphausia_recurva_calyptopis_C2_Abundance,Euphausia_recurva_calyptopis_C3_Abundance,Euphausia_recurva_damaged_Abundance,Euphausia_recurva_furcilia_Abundance,Euphausia_recurva_furcilia_F1_Abundance,Euphausia_recurva_furcilia_F2_Abundance,Euphausia_recurva_furcilia_F3_Abundance,Euphausia_recurva_furcilia_F4_Abundance,Euphausia_recurva_furcilia_F5_Abundance,Euphausia_recurva_furcilia_F6_Abundance,Euphausia_recurva_juvenile_Abundance,Euphausia_recurva_metanauplius_Abundance,Euphausia_tenera_adult_Abundance,Euphausia_tenera_furcilia_Abundance,Euphausia_tenera_juvenile_Abundance,Nematobrachion_boopis_adult_Abundance,Nematobrachion_boopis_furcilia_Abundance,Nematobrachion_boopis_juvenile_Abundance,Nematobrachion_flexipes_adult_Abundance,Nematobrachion_flexipes_calyptopis_Abundance,Nematobrachion_flexipes_furcilia_Abundance,Nematobrachion_flexipes_juvenile_Abundance,Nematobrachion_flexipes_larvae_Abundance,Nematoscelis_atlantica_adult_Abundance,Nematoscelis_atlantica_calyptopis_Abundance,Nematoscelis_atlantica_furcilia_Abundance,Nematoscelis_atlantica_juvenile_Abundance,Nematoscelis_difficilis_adult_Abundance,Nematoscelis_difficilis_calyptopis_Abundance,Nematoscelis_difficilis_calyptopis_C1_Abundance,Nematoscelis_difficilis_calyptopis_C2_Abundance,Nematoscelis_difficilis_calyptopis_C3_Abundance,Nematoscelis_difficilis_damaged_Abundance,Nematoscelis_difficilis_furcilia_Abundance,Nematoscelis_difficilis_furcilia_F1_Abundance,Nematoscelis_difficilis_furcilia_F2_Abundance,Nematoscelis_difficilis_furcilia_F3_Abundance,Nematoscelis_difficilis_juvenile_Abundance,Nematoscelis_difficilis_larvae_Abundance,Nematoscelis_difficilis_metanauplius_Abundance,Nematoscelis_gracilis_adult_Abundance,Nematoscelis_gracilis_furcilia_Abundance,Nematoscelis_gracilis_juvenile_Abundance,Nematoscelis_microps_adult_Abundance,Nematoscelis_microps_juvenile_Abundance,Nematoscelis_tenella_adult_Abundance,Nematoscelis_tenella_calyptopis_Abundance,Nematoscelis_tenella_furcilia_Abundance,Nematoscelis_tenella_juvenile_Abundance,Nematoscelis_tenella_larvae_Abundance,Nyctiphanes_simplex_adult_Abundance,Nyctiphanes_simplex_calyptopis_Abundance,Nyctiphanes_simplex_calyptopis_C1_Abundance,Nyctiphanes_simplex_calyptopis_C2_Abundance,Nyctiphanes_simplex_calyptopis_C3_Abundance,Nyctiphanes_simplex_damaged_Abundance,Nyctiphanes_simplex_furcilia_Abundance,Nyctiphanes_simplex_furcilia_F1_Abundance,Nyctiphanes_simplex_furcilia_F2_Abundance,Nyctiphanes_simplex_furcilia_F3_Abundance,Nyctiphanes_simplex_furcilia_F4_Abundance,Nyctiphanes_simplex_furcilia_F5_Abundance,Nyctiphanes_simplex_furcilia_F6_Abundance,Nyctiphanes_simplex_juvenile_Abundance,Nyctiphanes_simplex_larvae_Abundance,Nyctiphanes_simplex_metanauplius_Abundance,Stylocheiron_abbreviatum_adult_Abundance,Stylocheiron_abbreviatum_calyptopis_Abundance,Stylocheiron_abbreviatum_furcilia_Abundance,Stylocheiron_abbreviatum_juvenile_Abundance,Stylocheiron_abbreviatum_larvae_Abundance,Stylocheiron_affine_adult_Abundance,Stylocheiron_affine_calyptopis_Abundance,Stylocheiron_affine_furcilia_Abundance,Stylocheiron_affine_juvenile_Abundance,Stylocheiron_carinatum_adult_Abundance,Stylocheiron_carinatum_calyptopis_Abundance,Stylocheiron_carinatum_furcilia_Abundance,Stylocheiron_carinatum_juvenile_Abundance,Stylocheiron_elongatum_adult_Abundance,Stylocheiron_elongatum_calyptopis_Abundance,Stylocheiron_elongatum_furcilia_Abundance,Stylocheiron_elongatum_juvenile_Abundance,Stylocheiron_longicorne_adult_Abundance,Stylocheiron_longicorne_calyptopis_Abundance,Stylocheiron_longicorne_furcilia_Abundance,Stylocheiron_longicorne_juvenile_Abundance,Stylocheiron_longicorne_larvae_Abundance,Stylocheiron_maximum_adult_Abundance,Stylocheiron_maximum_calyptopis_Abundance,Stylocheiron_maximum_furcilia_Abundance,Stylocheiron_maximum_juvenile_Abundance,Stylocheiron_maximum_larvae_Abundance,Stylocheiron_suhmi_adult_Abundance,Stylocheiron_suhmi_calyptopis_Abundance,Stylocheiron_suhmi_furcilia_Abundance,Stylocheiron_suhmi_juvenile_Abundance,Tessarabrachion_oculatum_calyptopis_Abundance,Tessarabrachion_oculatum_furcilia_Abundance,Tessarabrachion_oculatum_juvenile_Abundance,Thysanoessa_gregaria_adult_Abundance,Thysanoessa_gregaria_calyptopis_Abundance,Thysanoessa_gregaria_calyptopis_C1_Abundance,Thysanoessa_gregaria_calyptopis_C2_Abundance,Thysanoessa_gregaria_calyptopis_C3_Abundance,Thysanoessa_gregaria_damaged_Abundance,Thysanoessa_gregaria_furcilia_Abundance,Thysanoessa_gregaria_furcilia_F1_Abundance,Thysanoessa_gregaria_furcilia_F2_Abundance,Thysanoessa_gregaria_furcilia_F3_Abundance,Thysanoessa_gregaria_furcilia_F4_Abundance,Thysanoessa_gregaria_furcilia_F5_Abundance,Thysanoessa_gregaria_furcilia_F6_Abundance,Thysanoessa_gregaria_juvenile_Abundance,Thysanoessa_gregaria_larvae_Abundance,Thysanoessa_longipes_adult_Abundance,Thysanoessa_longipes_calyptopis_Abundance,Thysanoessa_longipes_furcilia_Abundance,Thysanoessa_longipes_juvenile_Abundance,Thysanoessa_spinifera_adult_Abundance,Thysanoessa_spinifera_calyptopis_Abundance,Thysanoessa_spinifera_calyptopis_C1_Abundance,Thysanoessa_spinifera_calyptopis_C2_Abundance,Thysanoessa_spinifera_calyptopis_C3_Abundance,Thysanoessa_spinifera_damaged_Abundance,Thysanoessa_spinifera_furcilia_Abundance,Thysanoessa_spinifera_furcilia_F1_Abundance,Thysanoessa_spinifera_furcilia_F2_Abundance,Thysanoessa_spinifera_furcilia_F3_Abundance,Thysanoessa_spinifera_furcilia_F4_Abundance,Thysanoessa_spinifera_furcilia_F5_Abundance,Thysanoessa_spinifera_furcilia_F6_Abundance,Thysanoessa_spinifera_juvenile_Abundance,Thysanoessa_spinifera_larvae_Abundance,Thysanoessa_spinifera_metanauplius_Abundance,Thysanopoda_astylata_adult_Abundance,Thysanopoda_astylata_calyptopis_Abundance,Thysanopoda_astylata_furcilia_Abundance,Thysanopoda_astylata_juvenile_Abundance,Thysanopoda_astylata_larvae_Abundance,Thysanopoda_cornuta_furcilia_Abundance,Thysanopoda_egregia_calyptopis_Abundance,Thysanopoda_egregia_furcilia_Abundance,Thysanopoda_egregia_juvenile_Abundance,Thysanopoda_monacantha_adult_Abundance,Thysanopoda_monacantha_calyptopis_Abundance,Thysanopoda_monacantha_furcilia_Abundance,Thysanopoda_monacantha_juvenile_Abundance,Thysanopoda_obtusifrons_adult_Abundance,Thysanopoda_obtusifrons_calyptopis_Abundance,Thysanopoda_obtusifrons_furcilia_Abundance,Thysanopoda_obtusifrons_juvenile_Abundance,Thysanopoda_orientalis_adult_Abundance,Thysanopoda_orientalis_calyptopis_Abundance,Thysanopoda_orientalis_furcilia_Abundance,Thysanopoda_orientalis_juvenile_Abundance,Thysanopoda_pectinata_calyptopis_Abundance,Thysanopoda_pectinata_furcilia_Abundance,Thysanopoda_pectinata_juvenile_Abundance,Formatted_Line,Formatted_Station
32NM19840104,RV NEW HORIZON,1984-01-07,1984,1,7,00:00:00,090.0 070.0,32.0846,-120.6387,11,15.710,2,33.439,2,1991.2,2,NaN,2,4748,CALCOFI 8401,NEW HORIZON,SC,90,70,201,32.083,-120.65,1984-01-07T06:35:00Z,1984-01-07T06:56:00Z,0,0,0,0,0,0,0,0,0,0,0,0,0,0,0,0,0,0,0,0,0,0,0.804,0,0,0,0,0,0,0,0,0,0,0,0,0.804,0,0,0,0,0,0,4.02,0,0,0,0,0,0,0,0,0,0,0,0,11.859,23.718,0,6.03,0,21.105,0,0,8.844,0,0,3.015,0,9.045,0,0,6.03,0,3.015,0,0,0,0,0,0,0,0,0,0,0,0,0,0,0,0,0,0,0,2.412,0,0,0,3.015,0,0,8.844,6.03,29.547,0,0,0,0,0,0,0,0,0,0,0,0,0,3.417,0,0,0,0,0,0,0,0,11.859,23.718,0,14.874,0,0,0,0,0,0,0,0,0,0,3.015,0,0,0,0,0,0,0,0,0,1.407,0,3.015,0,0,0,1.005,0,0,0,0,0,0,0,0,0,0,1.206,0,0,0,0,0,0,0,3.015,20.904,0,0,0,3.015,0,0,0,0,0,0,0,0,0,0,0,0,0,0,0,0,0,0,0,0,0,0,0,0,0,0,0,0,0,0,0,0,0,0,0,0,0,0,0,0,0,0,0,0,0,090.0,070.0
32NM19840104,RV NEW HORIZON,1984-01-07,1984,1,7,00:00:00,090.0 070.0,32.0846,-120.6387,11,NaN,2,33.438,2,1987.2,2,NaN,2,4748,CALCOFI 8401,NEW HORIZON,SC,90,70,201,32.083,-120.65,1984-01-07T06:35:00Z,1984-01-07T06:56:00Z,0,0,0,0,0,0,0,0,0,0,0,0,0,0,0,0,0,0,0,0,0,0,0.804,0,0,0,0,0,0,0,0,0,0,0,0,0.804,0,0,0,0,0,0,4.02,0,0,0,0,0,0,0,0,0,0,0,0,11.859,23.718,0,6.03,0,21.105,0,0,8.844,0,0,3.015,0,9.045,0,0,6.03,0,3.015,0,0,0,0,0,0,0,0,0,0,0,0,0,0,0,0,0,0,0,2.412,0,0,0,3.015,0,0,8.844,6.03,29.547,0,0,0,0,0,0,0,0,0,0,0,0,0,3.417,0,0,0,0,0,0,0,0,11.859,23.718,0,14.874,0,0,0,0,0,0,0,0,0,0,3.015,0,0,0,0,0,0,0,0,0,1.407,0,3.015,0,0,0,1.005,0,0,0,0,0,0,0,0,0,0,1.206,0,0,0,0,0,0,0,3.015,20.904,0,0,0,3.015,0,0,0,0,0,0,0,0,0,0,0,0,0,0,0,0,0,0,0,0,0,0,0,0,0,0,0,0,0,0,0,0,0,0,0,0,0,0,0,0,0,0,0,0,0,090.0,070.0
32NM19840104,RV NEW HORIZON,1984-01-09,1984,1,9,00:00:00,093.3 090.0,30.8464,-121.5896,9,17.350,2,33.545,2,1988.4,2,2251.7,2,4759,CALCOFI 8401,NEW HORIZON,SC,93.3,90,191,30.85,-121.583,1984-01-09T06:15:00Z,1984-01-09T06:36:00Z,0.382,0,0,0,0,0,0,0,0,0,0,0,0,0,0,0,0,0,0,0,0.382,0,6.685,0,0,0,0,0,0,0.382,0,0,0,0,0,2.483,0,5.539,0,0,0,0,0,0,0,0,0,0,0,0,0,0,0,0,0,0,0,0,0,0,0,0,0,2.865,0,0,0,0,0,0,6.494,0.955,2.101,0,0,0,0,0,0,0,0,0,0,0,0,0,0.382,0.764,0,0,0,0,0,0,0,0,0,0,0,0,0,0,0,0,0,0,0,0,0,0,0,0.764,0,0,2.292,0,0,0,0,0,0,0,0,0,0,0,0,0,0,0,0,0,0,0,0,0,0,25.976,0,124.723,38.773,0.382,0,0,0.382,0,0,0,0,0,0,0,0,0,0,0,0,0,0,0,0,0,0,0,0,0,0.382,0,0,0,0,0,0,0,0,0,0,0,0,0,0,0,0,0,0,0,0,0,0,0,0,0,0,0,0,0,0,0,0,0,0,2.483,0,0,1.146,0,0,0,0,0,0,0,0,0,0,0,0,0,0,0,0,0,0,0,0,093.3,090.0
32NM19840104,RV NEW HORIZON,1984-01-09,1984,1,9,00:00:00,093.3 090.0,30.8464,-121.5896,9,NaN,2,33.557,2,1987.4,2,2250.9,2,4759,CALCOFI 8401,NEW HORIZON,SC,93.3,90,191,30.85,-121.583,1984-01-09T06:15:00Z,1984-01-09T06:36:00Z,0.382,0,0,0,0,0,0,0,0,0,0,0,0,0,0,0,0,0,0,0,0.382,0,6.685,0,0,0,0,0,0,0.382,0,0,0,0,0,2.483,0,5.539,0,0,0,0,0,0,0,0,0,0,0,0,0,0,0,0,0,0,0,0,0,0,0,0,0,2.865,0,0,0,0,0,0,6.494,0.955,2.101,0,0,0,0,0,0,0,0,0,0,0,0,0,0.382,0.764,0,0,0,0,0,0,0,0,0,0,0,0,0,0,0,0,0,0,0,0,0,0,0,0.764,0,0,2.292,0,0,0,0,0,0,0,0,0,0,0,0,0,0,0,0,0,0,0,0,0,0,25.976,0,124.723,38.773,0.382,0,0,0.382,0,0,0,0,0,0,0,0,0,0,0,0,0,0,0,0,0,0,0,0,0,0.382,0,0,0,0,0,0,0,0,0,0,0,0,0,0,0,0,0,0,0,0,0,0,0,0,0,0,0,0,0,0,0,0,0,0,2.483,0,0,1.146,0,0,0,0,0,0,0,0,0,0,0,0,0,0,0,0,0,0,0,0,093.3,090.0
32NM19840208,RV NEW HORIZON,1984-02-20,1984,2,20,00:00:00,090.0 100.0,31.0846,-122.6620,10,16.680,2,33.703,2,1994.5,2,2251.6,2,4898,CALCOFI 8402,NEW HORIZON,SC,90,100,212,31.1,-122.667,1984-02-20T16:50:00Z,1984-02-20T17:11:00Z,0,0.424,0,0,0,0,0,0,0,0,0,0,0,0,0,0,0,0,0,0,0,0,0,0,0,0,0,0,0,0,0,0,0,0,0,0,0,0,0,4.452,0,0,0,0,0,0,0,0,0,0,0,0,0,0,0,0,0,0,0,0,0,0,0,0,0,0,0,0,0,0,0,0,0,0,0,0,0,0,0,0,0,0,0,0,0,0,0,0.424,0,0,2.544,5.3,0.424,0,0,0,0,0,0,0,0,0,0,0,0,0,0,0,0,0,0,0,0,7.844,0.424,0,0,0,0,0,0,0,0,0,0,0,0,0,0,0,0,0,0,0.424,0,0,0,0,0,2.544,0.424,0,0.424,2.968,0.424,0,0,0,0,0,0.424,1.484,1.06,0,0,0.424,0,0,0,0.424,0,0,0,0,0,0,0,0,0,0,0,0,0,0,0,1.908,0,0,0,0,0,0,0,0,0,0,0,0,0,0,0,0,0,0,0,0,0,0,0,0,0,0,1.908,0,0,0,0,0,0,0,0,0,0,0,0,0,0,0,0,0,0,0,0,0,0,090.0,100.0
32NM19840208,RV NEW HORIZON,1984-02-20,1984,2,20,00:00:00,090.0 100.0,31.0846,-122.6620,10,NaN,2,NA,2,NaN,2,NaN,2,4898,CALCOFI 8402,NEW HORIZON,SC,90,100,212,31.1,-122.667,1984-02-20T16:50:00Z,1984-02-20T17:11:00Z,0,0.424,0,0,0,0,0,0,0,0,0,0,0,0,0,0,0,0,0,0,0,0,0,0,0,0,0,0,0,0,0,0,0,0,0,0,0,0,0,4.452,0,0,0,0,0,0,0,0,0,0,0,0,0,0,0,0,0,0,0,0,0,0,0,0,0,0,0,0,0,0,0,0,0,0,0,0,0,0,0,0,0,0,0,0,0,0,0,0.424,0,0,2.544,5.3,0.424,0,0,0,0,0,0,0,0,0,0,0,0,0,0,0,0,0,0,0,0,7.844,0.424,0,0,0,0,0,0,0,0,0,0,0,0,0,0,0,0,0,0,0.424,0,0,0,0,0,2.544,0.424,0,0.424,2.968,0.424,0,0,0,0,0,0.424,1.484,1.06,0,0,0.424,0,0,0,0.424,0,0,0,0,0,0,0,0,0,0,0,0,0,0,0,1.908,0,0,0,0,0,0,0,0,0,0,0,0,0,0,0,0,0,0,0,0,0,0,0,0,0,0,1.908,0,0,0,0,0,0,0,0,0,0,0,0,0,0,0,0,0,0,0,0,0,0,090.0,100.0
32NM19840208,RV NEW HORIZON,1984-02-20,1984,2,20,00:00:00,090.0 100.0,31.0846,-122.6620,10,NaN,2,33.707,2,1995.0,2,2256.0,2,4898,CALCOFI 8402,NEW HORIZON,SC,90,100,212,31.1,-122.667,1984-02-20T16:50:00Z,1984-02-20T17:11:00Z,0,0.424,0,0,0,0,0,0,0,0,0,0,0,0,0,0,0,0,0,0,0,0,0,0,0,0,0,0,0,0,0,0,0,0,0,0,0,0,0,4.452,0,0,0,0,0,0,0,0,0,0,0,0,0,0,0,0,0,0,0,0,0,0,0,0,0,0,0,0,0,0,0,0,0,0,0,0,0,0,0,0,0,0,0,0,0,0,0,0.424,0,0,2.544,5.3,0.424,0,0,0,0,0,0,0,0,0,0,0,0,0,0,0,0,0,0,0,0,7.844,0.424,0,0,0,0,0,0,0,0,0,0,0,0,0,0,0,0,0,0,0.424,0,0,0,0,0,2.544,0.424,0,0.424,2.968,0.424,0,0,0,0,0,0.424,1.484,1.06,0,0,0.424,0,0,0,0.424,0,0,0,0,0,0,0,0,0,0,0,0,0,0,0,1.908,0,0,0,0,0,0,0,0,0,0,0,0,0,0,0,0,0,0,0,0,0,0,0,0,0,0,1.908,0,0,0,0,0,0,0,0,0,0,0,0,0,0,0,0,0,0,0,0,0,0,090.0,100.0
32NM19840208,RV NEW HORIZON,1984-02-20,1984,2,20,00:00:00,090.0 100.0,31.0846,-122.6620,10,NaN,2,NA,2,1995.2,2,2252.7,2,4898,CALCOFI 8402,NEW HORIZON,SC,90,100,212,31.1,-122.667,1984-02-20T16:50:00Z,1984-02-20T17:11:00Z,0,0.424,0,0,0,0,0,0,0,0,0,0,0,0,0,0,0,0,0,0,0,0,0,0,0,0,0,0,0,0,0,0,0,0,0,0,0,0,0,4.452,0,0,0,0,0,0,0,0,0,0,0,0,0,0,0,0,0,0,0,0,0,0,0,0,0,0,0,0,0,0,0,0,0,0,0,0,0,0,0,0,0,0,0,0,0,0,0,0.424,0,0,2.544,5.3,0.424,0,0,0,0,0,0,0,0,0,0,0,0,0,0,0,0,0,0,0,0,7.844,0.424,0,0,0,0,0,0,0,0,0,0,0,0,0,0,0,0,0,0,0.424,0,0,0,0,0,2.544,0.424,0,0.424,2.968,0.424,0,0,0,0,0,0.424,1.484,1.06,0,0,0.424,0,0,0,0.424,0,0,0,0,0,0,0,0,0,0,0,0,0,0,0,1.908,0,0,0,0,0,0,0,0,0,0,0,0,0,0,0,0,0,0,0,0,0,0,0,0,0,0,1.908,0,0,0,0,0,0,0,0,0,0,0,0,0,0,0,0,0,0,0,0,0,0,090.0,100.0
32NM19840208,RV NEW HORIZON,1984-02-21,1984,2,21,00:00:00,090.0 070.0,32.0846,-120.6387,12,14.210,2,33.392,2,1996.2,2,NaN,2,4900,CALCOFI 8402,NEW HORIZON,SC,90,70,215,32.083,-120.633,1984-02-21T12:05:00Z,1984-02-21T12:26:00Z,0,0,0,0,0,0,0,0,0,0,0,0,3.87,0,0,0,0,0,0,0,3.87,0,0,0,0,0,0,0,0,15.91,0,0,0,0,0,0,0,0,0,0,0,0,0,0,0,0,0,0,0,0,0,0,0,0,63.21,31.82,15.91,31.82,15.91,15.91,27.52,0,0,4.73,0,0,0,0,0,0,0,15.91,0,0,0,15.91,3.87,0,0,0,0,0,0,0,0,0,0,0,0,0,0,0,0,0,0,0,31.82,47.73,23.865,0,63.21,0,0,308.74,0,0,0,0,0,0,0,0,0,0,0,0,3.87,0,0,0,0,0,0,0,0,0,0,0,3.87,0,0,0,0,0,0,0,0,3.87,0,0,0,0,0,0,0,0,0,0,0,3.01,15.91,31.82,0,0,0,0,0,0,0,0,0,0,0,0,0,0,0.86,0,0,0,0,15.91,0,0,0,0,0,0,0,0,0,0,0,0,0,0,0,0,0,0,0,0,0,0,0,0,0,0,0,0,0,0,0,0,0,0,0,0,0,0,0,0,0,0,0,0,0,0,0,0,0,0,0,0,0,090.0,070.0
32NM19840208,RV NEW HORIZON,1984-02-21,1984,2,21,00:00:00,090.0 070.0,32.0846,-120.6387,12,NaN,2,33.391,2,1994.6,2,NaN,2,4900,CALCOFI 8402,NEW HORIZON,SC,90,70,215,32.083,-120.633,1984-02-21T12:05:00Z,1984-02-21T12:26:00Z,0,0,0,0,0,0,0,0,0,0,0,0,3.87,0,0,0,0,0,0,0,3.87,0,0,0,0,0,0,0,0,15.91,0,0,0,0,0,0,0,0,0,0,0,0,0,0,0,0,0,0,0,0,0,0,0,0,63.21,31.82,15.91,31.82,15.91,15.91,27.52,0,0,4.73,0,0,0,0,0,0,0,15.91,0,0,0,15.91,3.87,0,0,0,0,0,0,0,0,0,0,0,0,0,0,0,0,0,0,0,31.82,47.73,23.865,0,63.21,0,0,308.74,0,0,0,0,0,0,0,0,0,0,0,0,3.87,0,0,0,0,0,0,0,0,0,0,0,3.87,0,0,0,0,0,0,0,0,3.87,0,0,0,0,0,0,0,0,0,0,0,3.01,15.91,31.82,0,0,0,0,0,0,0,0,0,0,0,0,0,0,0.86,0,0,0,0,15.91,0,0,0,0,0,0,0,0,0,0,0,0,0,0,0,0,0,0,0,0,0,0,0,0,0,0,0,0,0,0,0,0,0,0,0,0,0,0,0,0,0,0,0,0,0,0,0,0,0,0,0,0,0,090.0,070.0
32NM19840208,RV NEW HORIZON,1984-02-26,1984,2,26,00:00:00,093.3 090.0,30.8464,-121.5896,12,15.550,2,33.435,2,1989.5,2,2241.7,2,4908,CALCOFI 8402,NEW HORIZON,SC,93.3,90,218,30.817,-121.583,1984-02-26T12:35:00Z,1984-02-26T12:56:00Z,0,0,0,0,0,0,0,0,0,0,0,0,0,0,0,0,0,0,0,0,0,0,0,0,2.18,0,0,0,0,0,0,0,0,0,0,0,0,0,2.18,4.36,0,0,0,0,0,0,0,0,0,0,0,0,0,0,0,0,0,0,0,0,0,0,0,0,0,0,8.284,16.568,0,0,4.142,4.142,0,0,0.436,0,0,0,0,0,0,0,0,0,0,0,1.09,0,0,0,0,0,0,0,0,0,0,0,0,0,2.18,0,0,0.436,0,0,0,0,0,0,0,0,0,2.18,2.18,0,0,0,0,0,0,0,0,0,0,0,0,0,0,0,0,0,0,0,0,0,0,2.18,0,2.18,2.18,1.09,0,4.142,0,0,0,0,0,0,0,0,0,0,0,2.18,0.436,0,0,0.872,0,0,0,0,0,0,0,0,0,0,0,0,0,4.36,4.142,2.18,0,0,0,0,0,0,0,0,0,0,0,0,0,0,0,0,0,0,0,0,0,0,0,0,0,0,0,2.18,0,0,0,0,0,0,0,0,0,0,0,0,0,0,0,0,0.436,0,0,0,0,093.3,090.0
32NM19840208,RV NEW HORIZON,1984-02-26,1984,2,26,00:00:00,093.3 090.0,30.8464,-121.5896,12,NaN,2,33.434,2,1989.1,2,2239.9,2,4908,CALCOFI 8402,NEW HORIZON,SC,93.3,90,218,30.817,-121.583,1984-02-26T12:35:00Z,1984-02-26T12:56:00Z,0,0,0,0,0,0,0,0,0,0,0,0,0,0,0,0,0,0,0,0,0,0,0,0,2.18,0,0,0,0,0,0,0,0,0,0,0,0,0,2.18,4.36,0,0,0,0,0,0,0,0,0,0,0,0,0,0,0,0,0,0,0,0,0,0,0,0,0,0,8.284,16.568,0,0,4.142,4.142,0,0,0.436,0,0,0,0,0,0,0,0,0,0,0,1.09,0,0,0,0,0,0,0,0,0,0,0,0,0,2.18,0,0,0.436,0,0,0,0,0,0,0,0,0,2.18,2.18,0,0,0,0,0,0,0,0,0,0,0,0,0,0,0,0,0,0,0,0,0,0,2.18,0,2.18,2.18,1.09,0,4.142,0,0,0,0,0,0,0,0,0,0,0,2.18,0.436,0,0,0.872,0,0,0,0,0,0,0,0,0,0,0,0,0,4.36,4.142,2.18,0,0,0,0,0,0,0,0,0,0,0,0,0,0,0,0,0,0,0,0,0,0,0,0,0,0,0,2.18,0,0,0,0,0,0,0,0,0,0,0,0,0,0,0,0,0.436,0,0,0,0,093.3,090.0
32NM19840409,RV NEW HORIZON,1984-04-12,1984,4,12,00:00:00,090.0 070.0,32.0846,-120.6387,11,14.560,2,33.506,2,2001.0,2,NaN,2,4943,CALCOFI 8404,NEW HORIZON,SC,90,70,168,32.083,-120.65,1984-04-12T12:15:00Z,1984-04-12T12:36:00Z,0,0,0,0,0,0,0,0,0,0,0,0,0,0,0,0,0,0,0,0,0.672,0,0,0,0,0,0,0,0,0,0,0,0,0,0,0,0,0,0,0,0,0,0,0,0,0,1.344,0,0,0,0,0,0,2.52,3.864,0,0,0,0,0,14.784,0,0,1.344,0,0,0,0,0,0,0,0,0,0,0,0,0,0,0,0,0,0,0,0,0,0,0,0,0,0,0,0,0,0,0,0,30.744,97.104,0,0,20.496,0,0,3.36,0,0,0,0,0,0,0,0,0,0,0,0,0.672,0,0,0,10.248,0,0,1.344,2.52,0,1.344,0,0,1.344,0,0,0,0,0,0,0,5.376,0,0,1.344,0,0,0,0,0,0,0,0,0,0,5.04,5.04,0,0,0,0,0,0,0,0,0,0,0,0,0,0.672,0,0,0,0,0,0,0,0,0,0,0,0,0.672,0,0,0,0,0,0,0,0,0,0,0,0,0,0,0,0,0,0,0,0,0,0,0,0,0,0,0,0,0,0,0,0,0,0,0,0,0,0,0,0,0,0,0,0,0,090.0,070.0
32NM19840409,RV NEW HORIZON,1984-04-12,1984,4,12,00:00:00,090.0 070.0,32.0846,-120.6387,11,NaN,2,33.504,2,1999.9,2,NaN,2,4943,CALCOFI 8404,NEW HORIZON,SC,90,70,168,32.083,-120.65,1984-04-12T12:15:00Z,1984-04-12T12:36:00Z,0,0,0,0,0,0,0,0,0,0,0,0,0,0,0,0,0,0,0,0,0.672,0,0,0,0,0,0,0,0,0,0,0,0,0,0,0,0,0,0,0,0,0,0,0,0,0,1.344,0,0,0,0,0,0,2.52,3.864,0,0,0,0,0,14.784,0,0,1.344,0,0,0,0,0,0,0,0,0,0,0,0,0,0,0,0,0,0,0,0,0,0,0,0,0,0,0,0,0,0,0,0,30.744,97.104,0,0,20.496,0,0,3.36,0,0,0,0,0,0,0,0,0,0,0,0,0.672,0,0,0,10.248,0,0,1.344,2.52,0,1.344,0,0,1.344,0,0,0,0,0,0,0,5.376,0,0,1.344,0,0,0,0,0,0,0,0,0,0,5.04,5.04,0,0,0,0,0,0,0,0,0,0,0,0,0,0.672,0,0,0,0,0,0,0,0,0,0,0,0,0.672,0,0,0,0,0,0,0,0,0,0,0,0,0,0,0,0,0,0,0,0,0,0,0,0,0,0,0,0,0,0,0,0,0,0,0,0,0,0,0,0,0,0,0,0,0,090.0,070.0
32NM19840409,RV NEW HORIZON,1984-04-13,1984,4,13,00:00:00,090.0 100.0,31.0846,-122.6620,11,15.730,2,NA,2,1990.7,2,NaN,2,4948,CALCOFI 8404,NEW HORIZON,SC,90,100,214,31.083,-122.65,1984-04-13T08:35:00Z,1984-04-13T08:56:00Z,0,0,0,0,0,0,0,0,0,0,0,0,0,0,0,0,0,0,0,0,0,0,0,0,15.622,23.54,7.918,0,0,7.918,0.428,1.498,0,0,0,0,0,0,0,12.198,0,0,0,0,0,0,0,0,0,0,0,0,0,0,0,0,0,0,0,0,0,0,0,0,0,0,7.918,19.474,0,0,3.852,3.852,0.428,0.428,0.428,1.07,0,0,0,0,0,0,0,0,0,0,0,0,0,0,0,1.07,2.354,0,0,0,0,0,0,0,0,0,0,0,0,0,0,0,0,0,0,0,7.918,16.692,1.284,0,0,0,0,0,0,0,0,0,0,0,0,0,0,0,0,0,0,0,0,0,0,1.07,0,1.498,0.428,0,0,0,0,0,0,0,0,1.284,0,0,0,0,0,1.498,1.07,0,0,0,0,0,0,0,0,0,0,0,0,0,0,0,0,0,7.918,0,0,0,0,0.428,0,0,0,0,0,0,0,0,0,0,0,0,0,0,0,0,0,0,0,0,0,0,7.918,0,0,0,0,0,0,0,0,0,0,0,0,0,0,0,0,0,0,0,0,0,0,090.0,100.0
32NM19840409,RV NEW HORIZON,1984-04-13,1984,4,13,00:00:00,093.3 100.0,30.5130,-122.2576,11,15.940,2,NA,2,1993.2,2,NaN,2,4949,CALCOFI 8404,NEW HORIZON,SC,93.3,100,184,30.5,-122.25,1984-04-13T14:50:00Z,1984-04-13T15:11:00Z,0,0,0,0,0,0,0,0,0,0,0,0,0,0,0,0,0,0,0,0,0,0,0,0,11.408,25.76,14.352,0.368,0,2.944,14.352,11.408,0,0,0,0,0,0,0,1.84,0,0,0,0,0,0,0,0,0,0,0,0,0,0,0,0,0,0,0,0,0,0,0,0,0,0,5.704,11.592,0,0,8.648,0,11.408,0,0,0,0,0,0,0,0,0,0,0,0,0,0,0,0,0,0,0.92,0,0,0,0,0,0,0,0,0,0,0,0,0,0,0,0,0,0,0,0,8.648,8.648,0.368,0,0,0,0,0,0,0,0,0,0,0,0,0,0,0,0,0,0,0,0,0.368,0,0,0,0.92,0,0,0,0,0,0,0,0,0,0,0,0,0,0,0,0,0,0,0,0,0,0,0,0,0,0,0,0,0,0,0,0,0,0,0,0,0,0,0,0,0,0,0,0,0,0,0,0,0,0,0,0,0,0,0,0,0,0,0,0,0,0,0.368,0,0,0,0,0,0,0,0,0,0,0,0,0,0,0,0,0,0,0,0,0,0,093.3,100.0
32NM19840409,RV NEW HORIZON,1984-04-13,1984,4,13,00:00:00,093.3 100.0,30.5130,-122.2576,11,NaN,2,NA,2,1991.4,2,NaN,2,4949,CALCOFI 8404,NEW HORIZON,SC,93.3,100,184,30.5,-122.25,1984-04-13T14:50:00Z,1984-04-13T15:11:00Z,0,0,0,0,0,0,0,0,0,0,0,0,0,0,0,0,0,0,0,0,0,0,0,0,11.408,25.76,14.352,0.368,0,2.944,14.352,11.408,0,0,0,0,0,0,0,1.84,0,0,0,0,0,0,0,0,0,0,0,0,0,0,0,0,0,0,0,0,0,0,0,0,0,0,5.704,11.592,0,0,8.648,0,11.408,0,0,0,0,0,0,0,0,0,0,0,0,0,0,0,0,0,0,0.92,0,0,0,0,0,0,0,0,0,0,0,0,0,0,0,0,0,0,0,0,8.648,8.648,0.368,0,0,0,0,0,0,0,0,0,0,0,0,0,0,0,0,0,0,0,0,0.368,0,0,0,0.92,0,0,0,0,0,0,0,0,0,0,0,0,0,0,0,0,0,0,0,0,0,0,0,0,0,0,0,0,0,0,0,0,0,0,0,0,0,0,0,0,0,0,0,0,0,0,0,0,0,0,0,0,0,0,0,0,0,0,0,0,0,0,0.368,0,0,0,0,0,0,0,0,0,0,0,0,0,0,0,0,0,0,0,0,0,0,093.3,100.0
32NM19840603,RV NEW HORIZON,1984-06-17,1984,6,17,00:00:00,093.3 090.0,30.8464,-121.5896,10,16.130,2,33.275,2,1991.2,2,2226.7,2,5086,CALCOFI 8406,NEW HORIZON,SC,93.3,90,203,30.85,-121.583,1984-06-17T00:55:00Z,1984-06-17T01:16:00Z,0,0,0,0,0,0,0,0,0,0,0,0,0,0,0,0,0,0,0,0,0,0,45.472,0,0,0,0,0,0,0,0,0,0,0,0,11.571,0,15.022,0,0,0,0,0,0,0,0,30.044,0,0,0,0,263.291,0,7.511,0,0,0,0,0,0,60.088,0,0,7.714,0,0,0,0,0,0,0,0,0,0,0,0,0,0,0,0,0,0,0,0,0,0,0,3.857,0,1.827,0,0,0,11.571,0,0,0,0,0,0,0,0,0,63.945,0,0,0,0,0,0,0,0,0,0,0,0,17.052,0,0,0,0,0,0,0,0,0,0,0,0,0,0,0,0,0,0,0,0,7.511,0,0,0,0,0,0,0,0,0,0,0,3.857,0,3.857,0,0,0,0,7.511,0,0,0,0,0,0,0,0,0,15.225,0,0,0,0,7.511,0,0,0,7.511,0,0,0,0,0,0,0,0,0,0,0,0,0,0,0,0,0,0,0,0,0,0,0,0,0,0,0,0,0,0,0,0,0,0,0,0,0,0,0,0,0,0,0,0,0,0,0,0,0,093.3,090.0
32NM19840603,RV NEW HORIZON,1984-06-17,1984,6,17,00:00:00,093.3 090.0,30.8464,-121.5896,10,NaN,2,NA,2,NaN,2,2224.0,2,5086,CALCOFI 8406,NEW HORIZON,SC,93.3,90,203,30.85,-121.583,1984-06-17T00:55:00Z,1984-06-17T01:16:00Z,0,0,0,0,0,0,0,0,0,0,0,0,0,0,0,0,0,0,0,0,0,0,45.472,0,0,0,0,0,0,0,0,0,0,0,0,11.571,0,15.022,0,0,0,0,0,0,0,0,30.044,0,0,0,0,263.291,0,7.511,0,0,0,0,0,0,60.088,0,0,7.714,0,0,0,0,0,0,0,0,0,0,0,0,0,0,0,0,0,0,0,0,0,0,0,3.857,0,1.827,0,0,0,11.571,0,0,0,0,0,0,0,0,0,63.945,0,0,0,0,0,0,0,0,0,0,0,0,17.052,0,0,0,0,0,0,0,0,0,0,0,0,0,0,0,0,0,0,0,0,7.511,0,0,0,0,0,0,0,0,0,0,0,3.857,0,3.857,0,0,0,0,7.511,0,0,0,0,0,0,0,0,0,15.225,0,0,0,0,7.511,0,0,0,7.511,0,0,0,0,0,0,0,0,0,0,0,0,0,0,0,0,0,0,0,0,0,0,0,0,0,0,0,0,0,0,0,0,0,0,0,0,0,0,0,0,0,0,0,0,0,0,0,0,0,093.3,090.0
32NM19840603,RV NEW HORIZON,1984-06-17,1984,6,17,00:00:00,093.3 090.0,30.8464,-121.5896,10,NaN,2,NA,2,NaN,2,2226.6,2,5086,CALCOFI 8406,NEW HORIZON,SC,93.3,90,203,30.85,-121.583,1984-06-17T00:55:00Z,1984-06-17T01:16:00Z,0,0,0,0,0,0,0,0,0,0,0,0,0,0,0,0,0,0,0,0,0,0,45.472,0,0,0,0,0,0,0,0,0,0,0,0,11.571,0,15.022,0,0,0,0,0,0,0,0,30.044,0,0,0,0,263.291,0,7.511,0,0,0,0,0,0,60.088,0,0,7.714,0,0,0,0,0,0,0,0,0,0,0,0,0,0,0,0,0,0,0,0,0,0,0,3.857,0,1.827,0,0,0,11.571,0,0,0,0,0,0,0,0,0,63.945,0,0,0,0,0,0,0,0,0,0,0,0,17.052,0,0,0,0,0,0,0,0,0,0,0,0,0,0,0,0,0,0,0,0,7.511,0,0,0,0,0,0,0,0,0,0,0,3.857,0,3.857,0,0,0,0,7.511,0,0,0,0,0,0,0,0,0,15.225,0,0,0,0,7.511,0,0,0,7.511,0,0,0,0,0,0,0,0,0,0,0,0,0,0,0,0,0,0,0,0,0,0,0,0,0,0,0,0,0,0,0,0,0,0,0,0,0,0,0,0,0,0,0,0,0,0,0,0,0,093.3,090.0
32NM19840603,RV NEW HORIZON,1984-06-17,1984,6,17,00:00:00,093.3 090.0,30.8464,-121.5896,10,NaN,2,33.271,2,1990.2,2,2243.4,2,5086,CALCOFI 8406,NEW HORIZON,SC,93.3,90,203,30.85,-121.583,1984-06-17T00:55:00Z,1984-06-17T01:16:00Z,0,0,0,0,0,0,0,0,0,0,0,0,0,0,0,0,0,0,0,0,0,0,45.472,0,0,0,0,0,0,0,0,0,0,0,0,11.571,0,15.022,0,0,0,0,0,0,0,0,30.044,0,0,0,0,263.291,0,7.511,0,0,0,0,0,0,60.088,0,0,7.714,0,0,0,0,0,0,0,0,0,0,0,0,0,0,0,0,0,0,0,0,0,0,0,3.857,0,1.827,0,0,0,11.571,0,0,0,0,0,0,0,0,0,63.945,0,0,0,0,0,0,0,0,0,0,0,0,17.052,0,0,0,0,0,0,0,0,0,0,0,0,0,0,0,0,0,0,0,0,7.511,0,0,0,0,0,0,0,0,0,0,0,3.857,0,3.857,0,0,0,0,7.511,0,0,0,0,0,0,0,0,0,15.225,0,0,0,0,7.511,0,0,0,7.511,0,0,0,0,0,0,0,0,0,0,0,0,0,0,0,0,0,0,0,0,0,0,0,0,0,0,0,0,0,0,0,0,0,0,0,0,0,0,0,0,0,0,0,0,0,0,0,0,0,093.3,090.0
32NM19840603,RV NEW HORIZON,1984-06-17,1984,6,17,00:00:00,093.3 090.0,30.8464,-121.5896,10,NaN,2,NA,2,NaN,2,2236.3,2,5086,CALCOFI 8406,NEW HORIZON,SC,93.3,90,203,30.85,-121.583,1984-06-17T00:55:00Z,1984-06-17T01:16:00Z,0,0,0,0,0,0,0,0,0,0,0,0,0,0,0,0,0,0,0,0,0,0,45.472,0,0,0,0,0,0,0,0,0,0,0,0,11.571,0,15.022,0,0,0,0,0,0,0,0,30.044,0,0,0,0,263.291,0,7.511,0,0,0,0,0,0,60.088,0,0,7.714,0,0,0,0,0,0,0,0,0,0,0,0,0,0,0,0,0,0,0,0,0,0,0,3.857,0,1.827,0,0,0,11.571,0,0,0,0,0,0,0,0,0,63.945,0,0,0,0,0,0,0,0,0,0,0,0,17.052,0,0,0,0,0,0,0,0,0,0,0,0,0,0,0,0,0,0,0,0,7.511,0,0,0,0,0,0,0,0,0,0,0,3.857,0,3.857,0,0,0,0,7.511,0,0,0,0,0,0,0,0,0,15.225,0,0,0,0,7.511,0,0,0,7.511,0,0,0,0,0,0,0,0,0,0,0,0,0,0,0,0,0,0,0,0,0,0,0,0,0,0,0,0,0,0,0,0,0,0,0,0,0,0,0,0,0,0,0,0,0,0,0,0,0,093.3,090.0
32NM19840603,RV NEW HORIZON,1984-06-22,1984,6,22,00:00:00,090.0 070.0,32.0846,-120.6387,11,15.250,2,33.556,2,2000.8,2,NaN,2,5101,CALCOFI 8406,NEW HORIZON,SC,90,70,191,32.083,-120.65,1984-06-22T00:10:00Z,1984-06-22T00:31:00Z,0,0,0,0,0,0,0,0,0,0,0,0,0,0,0,0,0,0,0,0,0,0,0,0,0,0,0,0,0,0,0,0,0,0,0,0,0,0,0,0,0,0,0,0,0,0,16.999,0,0,0,0,42.593,0,0,0,0,0,0,0,0,0,0,0,1.719,0,0,0,0,0,0,0,0,0,0,0,0,0,0,0,0,0,0,0,0,0,0,0,0,0,0,0,0,0,151.081,0,0,13.179,78.883,0,0,52.716,26.358,26.358,170.945,0,0,0,0,0,0,0,0,0,0,0,0,34.189,0,0,0,0,0,0,0,0,0,0,0,0,3.247,0,0,0,0,0,0,0,0,0,0,0,0,0,0,0,0,0,0,0,0,0,3.247,0,0,0,0,0,0,0,0,0,0,0,0,0,0,65.895,0,0,0,0,26.358,0,0,0,0,0,0,0,0,0,0,0,0,0,0,0,0,0,0,0,0,0,0,0,0,0,0,19.482,0,0,0,0,0,0,0,0,0,0,0,0,0,0,0,0,0,0,0,0,0,0,0,0,0,0,090.0,070.0
32NM19840603,RV NEW HORIZON,1984-06-23,1984,6,23,00:00:00,090.0 100.0,31.0846,-122.6620,10,15.340,2,33.34,2,1999.8,2,2234.0,2,5103,CALCOFI 8406,NEW HORIZON,SC,90,100,213,31.083,-122.65,1984-06-23T08:15:00Z,1984-06-23T08:36:00Z,0,0,0,0,0,0,0,0,0,0,0,0,0,0,0,0,0,0,0,0,0,0,0,0,0,0,0,0,0,0,0,0,0,0,0,4.26,0,0,0,0,0,0,0,0,0,0,16.827,0,0,0,0,168.909,0,0,0,0,16.827,0,0,0,67.521,0,0,4.26,0,0,0,0,0,0,0,0,0,0,0,0,0,0,0,0,0,0,0,0,0,0,0,0,0,0,0,0,0,0,0,0,16.827,16.827,0,0,0,33.654,67.521,122.475,0,0,0,0,0,0,0,0,0,0,0,0,4.26,0,0,0,4.26,0,0,4.26,12.567,0,0,0,0,4.26,0,0,0,0,0,0,0,0,0,0,0,0,0,0,0,0,0,0,0,17.04,0,16.827,25.347,0,0,0,0,0,0,0,0,0,0,0,0,0,0,0,0,0,0,0,0,16.827,50.694,33.654,0,0,0,8.52,0,0,0,0,0,0,0,0,0,0,0,0,0,0,0,0,0,0,0,0,0,0,0,0,0,0,0,0,0,0,0,0,0,0,0,0,0,0,0,0,0,0,0,0,0,090.0,100.0
32NM19840603,RV NEW HORIZON,1984-06-23,1984,6,23,00:00:00,090.0 100.0,31.0846,-122.6620,10,NaN,2,33.339,2,1999.0,2,2233.2,2,5103,CALCOFI 8406,NEW HORIZON,SC,90,100,213,31.083,-122.65,1984-06-23T08:15:00Z,1984-06-23T08:36:00Z,0,0,0,0,0,0,0,0,0,0,0,0,0,0,0,0,0,0,0,0,0,0,0,0,0,0,0,0,0,0,0,0,0,0,0,4.26,0,0,0,0,0,0,0,0,0,0,16.827,0,0,0,0,168.909,0,0,0,0,16.827,0,0,0,67.521,0,0,4.26,0,0,0,0,0,0,0,0,0,0,0,0,0,0,0,0,0,0,0,0,0,0,0,0,0,0,0,0,0,0,0,0,16.827,16.827,0,0,0,33.654,67.521,122.475,0,0,0,0,0,0,0,0,0,0,0,0,4.26,0,0,0,4.26,0,0,4.26,12.567,0,0,0,0,4.26,0,0,0,0,0,0,0,0,0,0,0,0,0,0,0,0,0,0,0,17.04,0,16.827,25.347,0,0,0,0,0,0,0,0,0,0,0,0,0,0,0,0,0,0,0,0,16.827,50.694,33.654,0,0,0,8.52,0,0,0,0,0,0,0,0,0,0,0,0,0,0,0,0,0,0,0,0,0,0,0,0,0,0,0,0,0,0,0,0,0,0,0,0,0,0,0,0,0,0,0,0,0,090.0,100.0
32NM19840603,RV NEW HORIZON,1984-06-23,1984,6,23,00:00:00,090.0 090.0,31.4179,-121.9900,11,14.890,2,33.533,2,2012.0,2,NaN,2,5104,CALCOFI 8406,NEW HORIZON,SC,90,90,213,31.417,-122,1984-06-23T03:10:00Z,1984-06-23T03:31:00Z,0,0,0,0,0,0,0,0,0,0,0,0,0,0,0,0,0,0,0,0,0,0,0,0,0,0,0,0,0,0,0,0,0,0,0,2.13,0,0,0,0,0,0,0,0,0,0,4.26,0,0,0,0,2719.797,0,0,0,0,0,64.752,0,0,3432.282,0,0,0,0,0,0,0,0,0,0,0,0,0,0,0,0,0,0,0,0,0,0,0,0,0,0,0,0,0,0,0,0,36.849,0,0,0,0,0,0,0,0,0,121.41,0,0,0,0,0,0,0,0,0,0,0,0,97.341,0,0,0,0,0,0,0,0,0,0,0,0,48.564,0,0,0,0,0,0,0,0,0,0,0,0,0,0,0,0,0,0,0,4.047,0,4.047,0,0,0,0,0,0,0,0,0,0,0,0,0,0,24.282,0,0,0,0,97.128,0,0,0,16.188,0,16.188,0,0,0,0,0,0,0,0,0,0,0,0,0,0,0,0,0,0,0,0,4.047,0,0,0,0,0,0,0,0,0,0,0,0,0,0,0,0,0,0,0,0,0,0,0,0,0,0,090.0,090.0
32NM19840603,RV NEW HORIZON,1984-06-23,1984,6,23,00:00:00,090.0 090.0,31.4179,-121.9900,11,NaN,2,33.532,2,2011.2,2,NaN,2,5104,CALCOFI 8406,NEW HORIZON,SC,90,90,213,31.417,-122,1984-06-23T03:10:00Z,1984-06-23T03:31:00Z,0,0,0,0,0,0,0,0,0,0,0,0,0,0,0,0,0,0,0,0,0,0,0,0,0,0,0,0,0,0,0,0,0,0,0,2.13,0,0,0,0,0,0,0,0,0,0,4.26,0,0,0,0,2719.797,0,0,0,0,0,64.752,0,0,3432.282,0,0,0,0,0,0,0,0,0,0,0,0,0,0,0,0,0,0,0,0,0,0,0,0,0,0,0,0,0,0,0,0,36.849,0,0,0,0,0,0,0,0,0,121.41,0,0,0,0,0,0,0,0,0,0,0,0,97.341,0,0,0,0,0,0,0,0,0,0,0,0,48.564,0,0,0,0,0,0,0,0,0,0,0,0,0,0,0,0,0,0,0,4.047,0,4.047,0,0,0,0,0,0,0,0,0,0,0,0,0,0,24.282,0,0,0,0,97.128,0,0,0,16.188,0,16.188,0,0,0,0,0,0,0,0,0,0,0,0,0,0,0,0,0,0,0,0,4.047,0,0,0,0,0,0,0,0,0,0,0,0,0,0,0,0,0,0,0,0,0,0,0,0,0,0,090.0,090.0
31JD19840711,RV DAVID STARR JORDAN,1984-07-09,1984,7,9,00:00:00,090.0 090.0,31.4179,-121.9900,11,15.040,2,32.968,2,1986.4,2,NaN,2,5112,CALCOFI 8407,NEW HORIZON,SC,90,90,213,31.417,-122,1984-07-09T03:30:00Z,1984-07-09T03:51:00Z,0,0,0,0,0,0,0,0,0,0,0,0,0,0,0,0,0,0,0,0,0,0,7.668,0,0,63.474,31.737,0,0,0,7.881,0,0,0,0,1.917,0,0,0,0,0,0,0,0,0,0,23.856,0,0,0,0,222.159,0,0,0,0,31.737,0,31.737,63.474,1492.704,0,0,5.751,0,0,0,0,0,0,0,0,0,0,0,0,0,0,0,0,0,0,0,0,0,0,0,0,0,0,0,0,0,23.643,0,0,0,0,71.355,0,0,0,0,151.017,0,0,0,0,0,0,0,0,0,0,0,0,39.831,0,0,0,0,0,0,0,31.737,31.737,0,31.737,31.737,63.474,0,0,0,0,0,0,0,0,0,7.881,0,0,0,0,0,0,0,0,0,7.881,0,0,0,0,0,0,7.881,0,0,0,0,0,0,0,0,0,39.618,0,0,0,0,7.881,0,0,0,0,0,0,0,15.975,0,0,0,0,0,0,0,0,0,0,0,0,0,0,0,0,0,0,4.047,0,0,0,0,0,0,0,0,0,0,0,0,0,0,0,0,0,0,0,0,0,0,0,0,0,0,090.0,090.0
31JD19840711,RV DAVID STARR JORDAN,1984-07-09,1984,7,9,00:00:00,090.0 090.0,31.4179,-121.9900,11,NaN,2,32.969,2,1986.0,2,NaN,2,5112,CALCOFI 8407,NEW HORIZON,SC,90,90,213,31.417,-122,1984-07-09T03:30:00Z,1984-07-09T03:51:00Z,0,0,0,0,0,0,0,0,0,0,0,0,0,0,0,0,0,0,0,0,0,0,7.668,0,0,63.474,31.737,0,0,0,7.881,0,0,0,0,1.917,0,0,0,0,0,0,0,0,0,0,23.856,0,0,0,0,222.159,0,0,0,0,31.737,0,31.737,63.474,1492.704,0,0,5.751,0,0,0,0,0,0,0,0,0,0,0,0,0,0,0,0,0,0,0,0,0,0,0,0,0,0,0,0,0,23.643,0,0,0,0,71.355,0,0,0,0,151.017,0,0,0,0,0,0,0,0,0,0,0,0,39.831,0,0,0,0,0,0,0,31.737,31.737,0,31.737,31.737,63.474,0,0,0,0,0,0,0,0,0,7.881,0,0,0,0,0,0,0,0,0,7.881,0,0,0,0,0,0,7.881,0,0,0,0,0,0,0,0,0,39.618,0,0,0,0,7.881,0,0,0,0,0,0,0,15.975,0,0,0,0,0,0,0,0,0,0,0,0,0,0,0,0,0,0,4.047,0,0,0,0,0,0,0,0,0,0,0,0,0,0,0,0,0,0,0,0,0,0,0,0,0,0,090.0,090.0
31JD19850430,RV DAVID STARR JORDAN,1985-05-06,1985,5,6,00:00:00,090.0 070.0,32.0846,-120.6387,11,13.180,2,33.278,2,1997.4,2,2218.5,2,5324,CALCOFI 8505,DAVID STARR JORDAN,SC,90,70,208,32.083,-120.633,1985-05-06T11:10:00Z,1985-05-06T11:31:00Z,0,0,0,0,0,0,0,0,0,0,0,0,0,0,0,0,0,0,0,0,0,0,0,0,0,0,0,0,0,0,0,0,0,0,0,0,0,0,0,0,0,0,0,0,0,0,0,78.433,0,0,0,0,135.475,0,0,0,0,0,0,0,0,0,0,0,0,0,0,0,0,0,0,0,0,0,0,0,0,0,0,0,0,0,0,0,0,0,0,0,0,0,0,0,0,0,64.172,0,0,0,0,0,0,0,0,0,0,0,0,0,0,0,0,0,0,0,0,0,0,0,0,0,0,0,0,0,0,0,0,0,0,0,0,0,0,0,0,0,0,0,0,0,7.13,0,0,0,0,0,0,0,0,0,0,0,0,0,0,0,0,0,0,0,0,0,0,0,0,0,0,0,0,0,0,0,0,0,0,0,0,0,0,0,0,0,0,0,0,0,0,0,0,0,0,0,0,0,0,0,0,0,0,0,0,0,0,0,0,0,0,0,0,0,0,0,0,0,0,0,0,0,0,0,0,0,0,0,0,090.0,070.0
31JD19850430,RV DAVID STARR JORDAN,1985-05-06,1985,5,6,00:00:00,090.0 070.0,32.0846,-120.6387,11,NaN,2,33.278,2,1997.0,2,2217.3,2,5324,CALCOFI 8505,DAVID STARR JORDAN,SC,90,70,208,32.083,-120.633,1985-05-06T11:10:00Z,1985-05-06T11:31:00Z,0,0,0,0,0,0,0,0,0,0,0,0,0,0,0,0,0,0,0,0,0,0,0,0,0,0,0,0,0,0,0,0,0,0,0,0,0,0,0,0,0,0,0,0,0,0,0,78.433,0,0,0,0,135.475,0,0,0,0,0,0,0,0,0,0,0,0,0,0,0,0,0,0,0,0,0,0,0,0,0,0,0,0,0,0,0,0,0,0,0,0,0,0,0,0,0,64.172,0,0,0,0,0,0,0,0,0,0,0,0,0,0,0,0,0,0,0,0,0,0,0,0,0,0,0,0,0,0,0,0,0,0,0,0,0,0,0,0,0,0,0,0,0,7.13,0,0,0,0,0,0,0,0,0,0,0,0,0,0,0,0,0,0,0,0,0,0,0,0,0,0,0,0,0,0,0,0,0,0,0,0,0,0,0,0,0,0,0,0,0,0,0,0,0,0,0,0,0,0,0,0,0,0,0,0,0,0,0,0,0,0,0,0,0,0,0,0,0,0,0,0,0,0,0,0,0,0,0,0,090.0,070.0
31JD19880119,RV DAVID STARR JORDAN,1988-01-24,1988,1,24,00:00:00,090.0 070.0,32.0846,-120.6387,16,13.872,2,33.383,2,2004.0,2,2231.8,2,5560,CALCOFI 8801,DAVID STARR JORDAN,SC,90,70,216,32.083,-120.65,1988-01-24T05:27:00Z,1988-01-24T05:48:00Z,0,0,0,0,0,0,0,0,0,0,0,0,0,0,0,0,0,0,0,0,1.887,0,0,0,0,0,0,0,0,0,0,0,0,0,0,1.887,0,0,0,0,0,0,1.887,0,0,0,0,0,0,0,0,0,5.033,0,0,0,0,0,0,0,25.164,0,0,7.548,0,0,0,0,0,0,0,0,0,0,0,0,5.033,0,0,0,0,0,0,0,0,0,0,0,0,0,0,0,0,10.066,60.394,0,0,0,0,161.05,0,0,0,15.098,0,0,0,0,0,0,0,0,0,0,0,0,5.033,0,0,0,0,0,125.82,0,0,0,0,0,0,5.033,0,0,0,0,0,0,0,5.033,0,5.033,5.033,0,0,0,0,0,0,0,0,5.033,0,5.033,0,0,0,0,0,0,0,0,0,0,0,0,0,0,15.098,5.033,0,0,0,0,60.394,0,0,0,0,0,0,10.066,0,0,0,0,0,0,0,0,0,0,0,0,0,0,0,0,0,0,0,0,0,0,0,0,0,0,0,0,0,0,0,0,0,0,0,0,0,0,0,0,0,0,0,0,0,090.0,070.0
31JD19880119,RV DAVID STARR JORDAN,1988-01-24,1988,1,24,00:00:00,090.0 070.0,32.0846,-120.6387,16,NaN,2,33.383,2,2003.0,2,2232.9,2,5560,CALCOFI 8801,DAVID STARR JORDAN,SC,90,70,216,32.083,-120.65,1988-01-24T05:27:00Z,1988-01-24T05:48:00Z,0,0,0,0,0,0,0,0,0,0,0,0,0,0,0,0,0,0,0,0,1.887,0,0,0,0,0,0,0,0,0,0,0,0,0,0,1.887,0,0,0,0,0,0,1.887,0,0,0,0,0,0,0,0,0,5.033,0,0,0,0,0,0,0,25.164,0,0,7.548,0,0,0,0,0,0,0,0,0,0,0,0,5.033,0,0,0,0,0,0,0,0,0,0,0,0,0,0,0,0,10.066,60.394,0,0,0,0,161.05,0,0,0,15.098,0,0,0,0,0,0,0,0,0,0,0,0,5.033,0,0,0,0,0,125.82,0,0,0,0,0,0,5.033,0,0,0,0,0,0,0,5.033,0,5.033,5.033,0,0,0,0,0,0,0,0,5.033,0,5.033,0,0,0,0,0,0,0,0,0,0,0,0,0,0,15.098,5.033,0,0,0,0,60.394,0,0,0,0,0,0,10.066,0,0,0,0,0,0,0,0,0,0,0,0,0,0,0,0,0,0,0,0,0,0,0,0,0,0,0,0,0,0,0,0,0,0,0,0,0,0,0,0,0,0,0,0,0,090.0,070.0
31JD19880119,RV DAVID STARR JORDAN,1988-01-24,1988,1,24,23:02:59,090.0 070.0,32.0846,-120.6387,16,13.870,2,33.383,2,2003.5,2,2232.4,2,5560,CALCOFI 8801,DAVID STARR JORDAN,SC,90,70,216,32.083,-120.65,1988-01-24T05:27:00Z,1988-01-24T05:48:00Z,0,0,0,0,0,0,0,0,0,0,0,0,0,0,0,0,0,0,0,0,1.887,0,0,0,0,0,0,0,0,0,0,0,0,0,0,1.887,0,0,0,0,0,0,1.887,0,0,0,0,0,0,0,0,0,5.033,0,0,0,0,0,0,0,25.164,0,0,7.548,0,0,0,0,0,0,0,0,0,0,0,0,5.033,0,0,0,0,0,0,0,0,0,0,0,0,0,0,0,0,10.066,60.394,0,0,0,0,161.05,0,0,0,15.098,0,0,0,0,0,0,0,0,0,0,0,0,5.033,0,0,0,0,0,125.82,0,0,0,0,0,0,5.033,0,0,0,0,0,0,0,5.033,0,5.033,5.033,0,0,0,0,0,0,0,0,5.033,0,5.033,0,0,0,0,0,0,0,0,0,0,0,0,0,0,15.098,5.033,0,0,0,0,60.394,0,0,0,0,0,0,10.066,0,0,0,0,0,0,0,0,0,0,0,0,0,0,0,0,0,0,0,0,0,0,0,0,0,0,0,0,0,0,0,0,0,0,0,0,0,0,0,0,0,0,0,0,0,090.0,070.0
31JD19890417,RV DAVID STARR JORDAN,1989-04-21,1989,4,21,00:00:00,090.0 070.0,32.0846,-120.6387,10,15.230,2,33.285,2,1994.5,2,2220.5,2,5699,CALCOFI 8904,DAVID STARR JORDAN,SC,90,70,209,32.083,-120.633,1989-04-21T05:58:00Z,1989-04-21T06:19:00Z,0,0,0,0,0,0,0,0,0,0,0,0,0,0,0,0,0,0,0,0,0,0,0,0,0,0,0,0,0,0,0,0,0,0,0,0,0,5.775,0,0,0,0,0,0,0,0,0,0,0,0,0,0,0,0,0,0,0,0,0,0,28.873,0,0,0,0,0,0,0,0,0,0,0,0,0,0,0,0,0,0,0,0,0,0,0,0,0,0,0,0,0,0,0,0,0,0,0,0,0,0,1.925,0,0,0,26.948,0,0,0,0,0,0,0,0,0,0,0,0,0,0,0,0,0,0,0,0,0,0,0,0,0,0,0,0,0,0,0,0,0,0,0,0,0,0,0,0,0,0,0,0,0,0,0,0,0,0,0,0,0,0,0,0,0,0,0,0,0,0,3.85,0,0,0,0,0,7.7,0,0,0,0,0,0,17.324,0,0,0,0,0,0,0,0,0,0,0,0,0,0,0,0,0,0,0,0,0,0,0,0,0,0,0,0,0,0,0,0,0,0,0,0,0,0,0,0,0,0,0,0,0,090.0,070.0
31JD19890417,RV DAVID STARR JORDAN,1989-04-21,1989,4,21,00:00:00,090.0 070.0,32.0846,-120.6387,10,NaN,2,33.283,2,1996.8,2,2224.3,2,5699,CALCOFI 8904,DAVID STARR JORDAN,SC,90,70,209,32.083,-120.633,1989-04-21T05:58:00Z,1989-04-21T06:19:00Z,0,0,0,0,0,0,0,0,0,0,0,0,0,0,0,0,0,0,0,0,0,0,0,0,0,0,0,0,0,0,0,0,0,0,0,0,0,5.775,0,0,0,0,0,0,0,0,0,0,0,0,0,0,0,0,0,0,0,0,0,0,28.873,0,0,0,0,0,0,0,0,0,0,0,0,0,0,0,0,0,0,0,0,0,0,0,0,0,0,0,0,0,0,0,0,0,0,0,0,0,0,1.925,0,0,0,26.948,0,0,0,0,0,0,0,0,0,0,0,0,0,0,0,0,0,0,0,0,0,0,0,0,0,0,0,0,0,0,0,0,0,0,0,0,0,0,0,0,0,0,0,0,0,0,0,0,0,0,0,0,0,0,0,0,0,0,0,0,0,0,3.85,0,0,0,0,0,7.7,0,0,0,0,0,0,17.324,0,0,0,0,0,0,0,0,0,0,0,0,0,0,0,0,0,0,0,0,0,0,0,0,0,0,0,0,0,0,0,0,0,0,0,0,0,0,0,0,0,0,0,0,0,090.0,070.0
31JD19900304,RV DAVID STARR JORDAN,1990-03-09,1990,3,9,00:00:00,090.0 070.0,32.0846,-120.6387,10,13.710,2,33.526,2,2008.3,2,2227.3,2,5792,CALCOFI 9003,DAVID STARR JORDAN,SC,90,70,225,32.083,-120.633,1990-03-09T17:05:00Z,1990-03-09T17:26:00Z,0,0,0,0,0,0,0,0,0,0,0,0,0,0,0,0,0,0,0,0,0,0,0,2.025,0,0,0,0,5.85,0,0,0,0,0,0,0,0,0,0,0,0,0,0,0,0,0,0,0,0,0,0,0,15.75,0,0,0,0,0,0,0,118.125,0,0,2.025,0,0,0,0,0,31.5,0,0,0,0,0,0,5.85,0,0,0,0,0,0,0,0,0,0,0,0,0,0,0,0,0,0,0,0,0,0,15.75,0,0,0,724.725,0,0,0,0,0,0,0,0,0,0,0,0,0,0,0,0,0,0,0,0,0,0,0,0,0,0,0,0,0,0,0,0,0,0,0,0,0,0,0,0,0,0,0,0,0,0,2.025,5.85,0,0,0,0,2.025,0,0,0,0,0,0,0,0,0,2.025,0,0,0,0,0,23.625,0,0,0,0,0,0,15.75,0,0,0,0,0,0,0,0,0,0,0,0,0,0,0,0,0,0,0,0,0,0,0,0,0,0,0,0,0,0,0,0,0,0,0,0,0,0,0,0,0,0,0,0,0,090.0,070.0
31JD19900304,RV DAVID STARR JORDAN,1990-03-09,1990,3,9,00:00:00,090.0 070.0,32.0846,-120.6387,10,NaN,2,33.552,2,2007.0,2,2230.7,2,5792,CALCOFI 9003,DAVID STARR JORDAN,SC,90,70,225,32.083,-120.633,1990-03-09T17:05:00Z,1990-03-09T17:26:00Z,0,0,0,0,0,0,0,0,0,0,0,0,0,0,0,0,0,0,0,0,0,0,0,2.025,0,0,0,0,5.85,0,0,0,0,0,0,0,0,0,0,0,0,0,0,0,0,0,0,0,0,0,0,0,15.75,0,0,0,0,0,0,0,118.125,0,0,2.025,0,0,0,0,0,31.5,0,0,0,0,0,0,5.85,0,0,0,0,0,0,0,0,0,0,0,0,0,0,0,0,0,0,0,0,0,0,15.75,0,0,0,724.725,0,0,0,0,0,0,0,0,0,0,0,0,0,0,0,0,0,0,0,0,0,0,0,0,0,0,0,0,0,0,0,0,0,0,0,0,0,0,0,0,0,0,0,0,0,0,2.025,5.85,0,0,0,0,2.025,0,0,0,0,0,0,0,0,0,2.025,0,0,0,0,0,23.625,0,0,0,0,0,0,15.75,0,0,0,0,0,0,0,0,0,0,0,0,0,0,0,0,0,0,0,0,0,0,0,0,0,0,0,0,0,0,0,0,0,0,0,0,0,0,0,0,0,0,0,0,0,090.0,070.0
31JD19900417,RV DAVID STARR JORDAN,1990-04-21,1990,4,21,00:00:00,090.0 090.0,31.4179,-121.9900,10,15.630,2,33.466,2,1999.3,2,2229.2,2,5854,CALCOFI 9004,DAVID STARR JORDAN,SC,90,90,221,31.417,-121.983,1990-04-21T11:32:00Z,1990-04-21T11:53:00Z,0,0,0,0,0,0,0,0,0,0,0,0,0,0,0,0,0,0,0,0,0,0,0,0,0,0,0,0,0,0,0,0,0,0,0,0,0,0,0,0,0,0,0,0,0,0,0,0,0,0,0,0,0,0,0,0,0,0,0,0,3.094,0,0,0,0,0,0,0,0,0,0,0,0,0,0,0,0,0,0,0,0,0,0,0,0,0,0,0.442,0,0,0,0,0,0,0,0,0,0,0,23.205,0,0,0,1.547,0,0,0,0,0,0,0,0,0,0,0,0,0.442,0,0,0,0,0,1.547,0,0,0,0,0,0,0,0,0,0,0,0,0,0,6.63,0,1.547,5.083,0,0,0,0,0,0,0,0,1.547,0,0,3.094,0,0,0,0,0.442,0,0,0,0,0,0,0,0,1.547,0,0,0,0,0,0,0,0,0,0,0,0,0,0,0,0,0,0,0,0,0,0,0,0,0,0,0,0,0,0,0,0,0,0,0,0,0,0,0,0,0,0.442,0,0,0,0,0,0,0,0,0,0,0,0,0,0,0,0,090.0,090.0
31JD19900417,RV DAVID STARR JORDAN,1990-04-21,1990,4,21,00:00:00,090.0 090.0,31.4179,-121.9900,10,NaN,2,33.462,2,2001.1,2,2230.0,2,5854,CALCOFI 9004,DAVID STARR JORDAN,SC,90,90,221,31.417,-121.983,1990-04-21T11:32:00Z,1990-04-21T11:53:00Z,0,0,0,0,0,0,0,0,0,0,0,0,0,0,0,0,0,0,0,0,0,0,0,0,0,0,0,0,0,0,0,0,0,0,0,0,0,0,0,0,0,0,0,0,0,0,0,0,0,0,0,0,0,0,0,0,0,0,0,0,3.094,0,0,0,0,0,0,0,0,0,0,0,0,0,0,0,0,0,0,0,0,0,0,0,0,0,0,0.442,0,0,0,0,0,0,0,0,0,0,0,23.205,0,0,0,1.547,0,0,0,0,0,0,0,0,0,0,0,0,0.442,0,0,0,0,0,1.547,0,0,0,0,0,0,0,0,0,0,0,0,0,0,6.63,0,1.547,5.083,0,0,0,0,0,0,0,0,1.547,0,0,3.094,0,0,0,0,0.442,0,0,0,0,0,0,0,0,1.547,0,0,0,0,0,0,0,0,0,0,0,0,0,0,0,0,0,0,0,0,0,0,0,0,0,0,0,0,0,0,0,0,0,0,0,0,0,0,0,0,0,0.442,0,0,0,0,0,0,0,0,0,0,0,0,0,0,0,0,090.0,090.0
31JD19900417,RV DAVID STARR JORDAN,1990-04-22,1990,4,22,00:00:00,090.0 070.0,32.0846,-120.6387,10,14.430,2,33.279,2,1996.6,2,2219.0,2,5858,CALCOFI 9004,DAVID STARR JORDAN,SC,90,70,204,32.083,-120.633,1990-04-22T01:13:00Z,1990-04-22T01:34:00Z,0,0,0,0,0,0,0,0,0,0,0,0,0,0,0,0,0,0,0,0,0,0,0.816,0,0,0,0,0,1.632,0,0,0,0,0,0,0.816,0,0,0,0,0,0,0.816,0,0,0,1.632,0,0,0,0,0,16.932,0,0,0,0,0,0,0,37.332,0,0,2.448,0.816,0,0,0,0,0,0,0,0,0,0,0,0,0,0,0,0,0,0,0,0,0,0,0.816,0,0,0,0,0,81.396,27.132,0,0,0,0,3.468,0,0,0,54.264,0,0,0,0,0,0,0,0,0,0,0,0,4.284,0,0,0,0,0,0,0,0,0,0,0,0,1.632,0,0,0,0,0,0,0,0,0,0.816,0,0,0,0,0,0,0,0,0,0.816,0,0,4.284,0,0,0,0.816,0.816,0,0,0,0,0,0,0,0,13.668,0,0,0,0,0,23.664,0,0,0,0,0,0,27.132,0,0,0,0,0,0,0,0,0,0,0,0,0,0,0,0,0,0,0,0,0,0,0,0,0,0,0,0,0,0,0,0,0,0,0,0,0,0,0,0,0,0,0,0,0,090.0,070.0
31JD19900417,RV DAVID STARR JORDAN,1990-04-22,1990,4,22,00:00:00,090.0 070.0,32.0846,-120.6387,10,NaN,2,33.325,2,1995.8,2,2219.0,2,5858,CALCOFI 9004,DAVID STARR JORDAN,SC,90,70,204,32.083,-120.633,1990-04-22T01:13:00Z,1990-04-22T01:34:00Z,0,0,0,0,0,0,0,0,0,0,0,0,0,0,0,0,0,0,0,0,0,0,0.816,0,0,0,0,0,1.632,0,0,0,0,0,0,0.816,0,0,0,0,0,0,0.816,0,0,0,1.632,0,0,0,0,0,16.932,0,0,0,0,0,0,0,37.332,0,0,2.448,0.816,0,0,0,0,0,0,0,0,0,0,0,0,0,0,0,0,0,0,0,0,0,0,0.816,0,0,0,0,0,81.396,27.132,0,0,0,0,3.468,0,0,0,54.264,0,0,0,0,0,0,0,0,0,0,0,0,4.284,0,0,0,0,0,0,0,0,0,0,0,0,1.632,0,0,0,0,0,0,0,0,0,0.816,0,0,0,0,0,0,0,0,0,0.816,0,0,4.284,0,0,0,0.816,0.816,0,0,0,0,0,0,0,0,13.668,0,0,0,0,0,23.664,0,0,0,0,0,0,27.132,0,0,0,0,0,0,0,0,0,0,0,0,0,0,0,0,0,0,0,0,0,0,0,0,0,0,0,0,0,0,0,0,0,0,0,0,0,0,0,0,0,0,0,0,0,090.0,070.0
31JD19910108,RV DAVID STARR JORDAN,1991-01-12,1991,1,12,00:00:00,090.0 090.0,31.4179,-121.9900,10,14.920,2,33.257,2,1990.6,2,2221.9,2,5895,CALCOFI 9101,DAVID STARR JORDAN,SC,90,90,204,31.417,-121.983,1991-01-12T18:55:00Z,1991-01-12T19:16:00Z,0,0,0,0,0,0,0,0,0,0,0,0,0,0,0,0,0,0,0,0,0,0,3.568,0,0,0,0,0,0,0,0,0,0,0,0,2.379,0,4.757,0,0,0,0,3.568,0,0,0,0,0,0,0,0,0,0,0,0,0,0,0,0,0,0,0,0,11.893,0,0,0,0,0,2.379,0,0,0,0,0,0,11.893,0,0,0,0,0,0,0,0,0,0,0,0,2.379,0,0,0,4.757,0,0,0,0,0,1.189,0,0,0,3.568,0,0,0,0,0,0,0,1.189,0,0,0,0,0,0,0,0,0,0,0,0,0,0,0,0,0,0,0,0,0,0,0,2.379,0,13.083,0,1.189,2.379,0,0,0,0,0,0,0,0,0,0,0,0,0,0,0,0,0,0,0,0,0,0,0,0,0,2.379,0,0,0,0,0,0,0,0,0,0,0,0,5.947,0,0,0,0,0,0,0,0,0,0,0,0,0,0,0,0,0,0,0,0,0,0,0,0,0,0,0,0,0,0,0,0,0,0,0,0,0,0,0,0,0,0,0,0,0,090.0,090.0
31JD19910108,RV DAVID STARR JORDAN,1991-01-12,1991,1,12,00:00:00,090.0 090.0,31.4179,-121.9900,10,NaN,2,NA,2,1990.7,2,NaN,2,5895,CALCOFI 9101,DAVID STARR JORDAN,SC,90,90,204,31.417,-121.983,1991-01-12T18:55:00Z,1991-01-12T19:16:00Z,0,0,0,0,0,0,0,0,0,0,0,0,0,0,0,0,0,0,0,0,0,0,3.568,0,0,0,0,0,0,0,0,0,0,0,0,2.379,0,4.757,0,0,0,0,3.568,0,0,0,0,0,0,0,0,0,0,0,0,0,0,0,0,0,0,0,0,11.893,0,0,0,0,0,2.379,0,0,0,0,0,0,11.893,0,0,0,0,0,0,0,0,0,0,0,0,2.379,0,0,0,4.757,0,0,0,0,0,1.189,0,0,0,3.568,0,0,0,0,0,0,0,1.189,0,0,0,0,0,0,0,0,0,0,0,0,0,0,0,0,0,0,0,0,0,0,0,2.379,0,13.083,0,1.189,2.379,0,0,0,0,0,0,0,0,0,0,0,0,0,0,0,0,0,0,0,0,0,0,0,0,0,2.379,0,0,0,0,0,0,0,0,0,0,0,0,5.947,0,0,0,0,0,0,0,0,0,0,0,0,0,0,0,0,0,0,0,0,0,0,0,0,0,0,0,0,0,0,0,0,0,0,0,0,0,0,0,0,0,0,0,0,0,090.0,090.0
31JD19910108,RV DAVID STARR JORDAN,1991-01-12,1991,1,12,00:00:00,090.0 090.0,31.4179,-121.9900,10,NaN,2,33.258,2,1989.1,2,2224.8,2,5895,CALCOFI 9101,DAVID STARR JORDAN,SC,90,90,204,31.417,-121.983,1991-01-12T18:55:00Z,1991-01-12T19:16:00Z,0,0,0,0,0,0,0,0,0,0,0,0,0,0,0,0,0,0,0,0,0,0,3.568,0,0,0,0,0,0,0,0,0,0,0,0,2.379,0,4.757,0,0,0,0,3.568,0,0,0,0,0,0,0,0,0,0,0,0,0,0,0,0,0,0,0,0,11.893,0,0,0,0,0,2.379,0,0,0,0,0,0,11.893,0,0,0,0,0,0,0,0,0,0,0,0,2.379,0,0,0,4.757,0,0,0,0,0,1.189,0,0,0,3.568,0,0,0,0,0,0,0,1.189,0,0,0,0,0,0,0,0,0,0,0,0,0,0,0,0,0,0,0,0,0,0,0,2.379,0,13.083,0,1.189,2.379,0,0,0,0,0,0,0,0,0,0,0,0,0,0,0,0,0,0,0,0,0,0,0,0,0,2.379,0,0,0,0,0,0,0,0,0,0,0,0,5.947,0,0,0,0,0,0,0,0,0,0,0,0,0,0,0,0,0,0,0,0,0,0,0,0,0,0,0,0,0,0,0,0,0,0,0,0,0,0,0,0,0,0,0,0,0,090.0,090.0
31JD19910108,RV DAVID STARR JORDAN,1991-01-12,1991,1,12,23:31:29,090.0 090.0,31.4179,-121.9900,10,14.920,2,33.257,2,1989.9,2,2223.3,2,5895,CALCOFI 9101,DAVID STARR JORDAN,SC,90,90,204,31.417,-121.983,1991-01-12T18:55:00Z,1991-01-12T19:16:00Z,0,0,0,0,0,0,0,0,0,0,0,0,0,0,0,0,0,0,0,0,0,0,3.568,0,0,0,0,0,0,0,0,0,0,0,0,2.379,0,4.757,0,0,0,0,3.568,0,0,0,0,0,0,0,0,0,0,0,0,0,0,0,0,0,0,0,0,11.893,0,0,0,0,0,2.379,0,0,0,0,0,0,11.893,0,0,0,0,0,0,0,0,0,0,0,0,2.379,0,0,0,4.757,0,0,0,0,0,1.189,0,0,0,3.568,0,0,0,0,0,0,0,1.189,0,0,0,0,0,0,0,0,0,0,0,0,0,0,0,0,0,0,0,0,0,0,0,2.379,0,13.083,0,1.189,2.379,0,0,0,0,0,0,0,0,0,0,0,0,0,0,0,0,0,0,0,0,0,0,0,0,0,2.379,0,0,0,0,0,0,0,0,0,0,0,0,5.947,0,0,0,0,0,0,0,0,0,0,0,0,0,0,0,0,0,0,0,0,0,0,0,0,0,0,0,0,0,0,0,0,0,0,0,0,0,0,0,0,0,0,0,0,0,090.0,090.0
31JD19910226,RV DAVID STARR JORDAN,1991-03-02,1991,3,2,00:00:00,090.0 090.0,31.4179,-121.9900,10,15.910,2,33.596,2,2004.3,2,2235.8,2,5947,CALCOFI 9103,DAVID STARR JORDAN,SC,90,90,216,31.417,-121.983,1991-03-02T22:26:00Z,1991-03-02T22:47:00Z,0,1.944,0,1.944,0,0,0,0,0,0,0,0,0,0,0,0,0,0,0,0,0,0,0.864,5.832,0,0,0,0,1.944,0,0,0,0,0,0,0,0,3.888,1.944,9.504,1.944,0,0,0,0,0,0,0,0,0,0,0,0,0,0,0,0,0,0,0,1.728,0,0,6.696,11.448,0,0,0,0,26.784,0,0,0,0,0,0,1.944,0,0,0,0,0,0,0,0,0,0,3.888,0,0.864,0,0,0,0,0,0,0,0,0,9.504,0,0,0,0,0,0,0,0,0,0,0,0,0,3.888,0.864,0,0,0,0,0,0,0,0,0,0,0,0,0,0,0,0,0,0,0,0,0,0,7.776,0,1.944,3.888,0,0,0,0,0,0,0,0,0,0,0,0,0,0,1.944,0,0,0,0,0,0,0,0,0,0,1.728,0,0,0,0,0,28.512,0,0,0,0,0,0,0,0,0,0,0,0,0,0,0,0,0,0,0,0,0,0,0,0,0,0,0,0,0,3.888,0,0.864,0,0,0,0,0,0,0.864,0,0,0,0,0,0,0,0,0,0,0,0,0,090.0,090.0
31JD19910226,RV DAVID STARR JORDAN,1991-03-02,1991,3,2,00:00:00,090.0 090.0,31.4179,-121.9900,10,NaN,2,33.592,2,1999.6,2,2239.1,2,5947,CALCOFI 9103,DAVID STARR JORDAN,SC,90,90,216,31.417,-121.983,1991-03-02T22:26:00Z,1991-03-02T22:47:00Z,0,1.944,0,1.944,0,0,0,0,0,0,0,0,0,0,0,0,0,0,0,0,0,0,0.864,5.832,0,0,0,0,1.944,0,0,0,0,0,0,0,0,3.888,1.944,9.504,1.944,0,0,0,0,0,0,0,0,0,0,0,0,0,0,0,0,0,0,0,1.728,0,0,6.696,11.448,0,0,0,0,26.784,0,0,0,0,0,0,1.944,0,0,0,0,0,0,0,0,0,0,3.888,0,0.864,0,0,0,0,0,0,0,0,0,9.504,0,0,0,0,0,0,0,0,0,0,0,0,0,3.888,0.864,0,0,0,0,0,0,0,0,0,0,0,0,0,0,0,0,0,0,0,0,0,0,7.776,0,1.944,3.888,0,0,0,0,0,0,0,0,0,0,0,0,0,0,1.944,0,0,0,0,0,0,0,0,0,0,1.728,0,0,0,0,0,28.512,0,0,0,0,0,0,0,0,0,0,0,0,0,0,0,0,0,0,0,0,0,0,0,0,0,0,0,0,0,3.888,0,0.864,0,0,0,0,0,0,0.864,0,0,0,0,0,0,0,0,0,0,0,0,0,090.0,090.0
31JD19910226,RV DAVID STARR JORDAN,1991-03-02,1991,3,2,00:00:00,090.0 120.0,30.4179,-123.9989,10,17.010,2,33.974,3,2007.7,3,2259.9,2,5946,CALCOFI 9103,DAVID STARR JORDAN,SC,90,120,212,30.417,-124,1991-03-02T03:12:00Z,1991-03-02T03:33:00Z,5.512,1.908,7.208,0,0,0,0,0,0,0,0,0,0,0,0,0,0,0,0,0,0,0,0,1.908,0,0,0,0,0,0,0,0,0,0,0,0.848,0,21.836,3.816,1.908,1.908,0,0.848,0,0,0,0,0,0,0,0,0,0,0,0,0,0,0,0,0,0,0,0,1.696,1.908,0,0,0,0,7.632,0,0,0,0,0,0,1.908,0,0,0,0,0,0,0,0,0,0,0,0,1.696,1.908,5.512,1.908,0,0,0,0,0,0,0,0,0,0,0,0,0,0,0,0,0,0,0,0,3.604,2.544,0,0,0,0,0,0,0,0,0,0,0,0,0,0,0,0,0,0,0,0,0,0,0,0,1.908,3.604,3.816,3.604,0,0,0,0,0,0,5.512,1.908,0,3.816,0,0,0.848,0,0,0,1.908,0,1.908,1.908,0,0,0,0,0,0,0,0,0,0,0,0,0,0,0,0,0.848,0,0,0,0,0,0,0,0,0,0,0,0,0,0,0,0,0,0,0,0,0,3.392,19.928,7.42,1.696,0,0,0.848,0,0,0,0,0,0,0,0,0,3.604,0,0,0,0,0,0,0,090.0,120.0
31JD19910226,RV DAVID STARR JORDAN,1991-03-02,1991,3,2,00:00:00,090.0 120.0,30.4179,-123.9989,10,NaN,2,33.986,3,2006.6,3,2259.7,2,5946,CALCOFI 9103,DAVID STARR JORDAN,SC,90,120,212,30.417,-124,1991-03-02T03:12:00Z,1991-03-02T03:33:00Z,5.512,1.908,7.208,0,0,0,0,0,0,0,0,0,0,0,0,0,0,0,0,0,0,0,0,1.908,0,0,0,0,0,0,0,0,0,0,0,0.848,0,21.836,3.816,1.908,1.908,0,0.848,0,0,0,0,0,0,0,0,0,0,0,0,0,0,0,0,0,0,0,0,1.696,1.908,0,0,0,0,7.632,0,0,0,0,0,0,1.908,0,0,0,0,0,0,0,0,0,0,0,0,1.696,1.908,5.512,1.908,0,0,0,0,0,0,0,0,0,0,0,0,0,0,0,0,0,0,0,0,3.604,2.544,0,0,0,0,0,0,0,0,0,0,0,0,0,0,0,0,0,0,0,0,0,0,0,0,1.908,3.604,3.816,3.604,0,0,0,0,0,0,5.512,1.908,0,3.816,0,0,0.848,0,0,0,1.908,0,1.908,1.908,0,0,0,0,0,0,0,0,0,0,0,0,0,0,0,0,0.848,0,0,0,0,0,0,0,0,0,0,0,0,0,0,0,0,0,0,0,0,0,3.392,19.928,7.42,1.696,0,0,0.848,0,0,0,0,0,0,0,0,0,3.604,0,0,0,0,0,0,0,090.0,120.0
31JD19910226,RV DAVID STARR JORDAN,1991-03-03,1991,3,3,00:00:00,090.0 070.0,32.0846,-120.6387,10,15.750,2,NA,2,1996.2,2,2226.2,2,5950,CALCOFI 9103,DAVID STARR JORDAN,SC,90,70,217,32.083,-120.633,1991-03-03T10:03:00Z,1991-03-03T10:24:00Z,0,0,0,0,0,0,0,0,0,0,0,0,0,0,0,0,0,0,0,0,0,0,0,0.434,0,0,0,0,0,0,0,0,0,0,0,0,0,0,0.868,0,0,0,0,0,0,0,0,0,0,0,0,0,0,0,0,0,0,0,0,0,0,0,0,0,0.868,0,0,0,0,0,0,0,0,0,0,0,0,0,0,0,0,0,0,0,0,0,0,0,0,0,0,0,0,0,0,0,0,0,0,7.812,0,0,0,17.577,0,0,0,0,0,0,0,0,0,0,0,0,0,0,0,0,0,0,0,0,0,0,0,0,0,0.434,0,0,0,0,0,0,0,6.727,0,1.953,3.906,0,0,0,0,0,0,0,0,5.859,1.953,5.859,0,0,0,1.953,1.736,0.434,0,0,0,1.953,0,0,0,0,3.906,0,0,0,0,0,15.624,0,0,0,0,0,0,3.906,0,0,0,0,0,0,0,0,0,0,0,0,0,0,0,0,0,0,0,0,0,0,0,0,1.953,0,0,0,0,0,0,0,0,0,0,0,0,0,0,0,0,0,0,0,0,090.0,070.0
31JD19910226,RV DAVID STARR JORDAN,1991-03-03,1991,3,3,00:00:00,090.0 070.0,32.0846,-120.6387,10,NaN,2,NA,2,NaN,2,2227.7,2,5950,CALCOFI 9103,DAVID STARR JORDAN,SC,90,70,217,32.083,-120.633,1991-03-03T10:03:00Z,1991-03-03T10:24:00Z,0,0,0,0,0,0,0,0,0,0,0,0,0,0,0,0,0,0,0,0,0,0,0,0.434,0,0,0,0,0,0,0,0,0,0,0,0,0,0,0.868,0,0,0,0,0,0,0,0,0,0,0,0,0,0,0,0,0,0,0,0,0,0,0,0,0,0.868,0,0,0,0,0,0,0,0,0,0,0,0,0,0,0,0,0,0,0,0,0,0,0,0,0,0,0,0,0,0,0,0,0,0,7.812,0,0,0,17.577,0,0,0,0,0,0,0,0,0,0,0,0,0,0,0,0,0,0,0,0,0,0,0,0,0,0.434,0,0,0,0,0,0,0,6.727,0,1.953,3.906,0,0,0,0,0,0,0,0,5.859,1.953,5.859,0,0,0,1.953,1.736,0.434,0,0,0,1.953,0,0,0,0,3.906,0,0,0,0,0,15.624,0,0,0,0,0,0,3.906,0,0,0,0,0,0,0,0,0,0,0,0,0,0,0,0,0,0,0,0,0,0,0,0,1.953,0,0,0,0,0,0,0,0,0,0,0,0,0,0,0,0,0,0,0,0,090.0,070.0
31JD19910226,RV DAVID STARR JORDAN,1991-03-03,1991,3,3,00:00:00,090.0 070.0,32.0846,-120.6387,10,NaN,2,33.428,2,1996.9,2,2226.0,2,5950,CALCOFI 9103,DAVID STARR JORDAN,SC,90,70,217,32.083,-120.633,1991-03-03T10:03:00Z,1991-03-03T10:24:00Z,0,0,0,0,0,0,0,0,0,0,0,0,0,0,0,0,0,0,0,0,0,0,0,0.434,0,0,0,0,0,0,0,0,0,0,0,0,0,0,0.868,0,0,0,0,0,0,0,0,0,0,0,0,0,0,0,0,0,0,0,0,0,0,0,0,0,0.868,0,0,0,0,0,0,0,0,0,0,0,0,0,0,0,0,0,0,0,0,0,0,0,0,0,0,0,0,0,0,0,0,0,0,7.812,0,0,0,17.577,0,0,0,0,0,0,0,0,0,0,0,0,0,0,0,0,0,0,0,0,0,0,0,0,0,0.434,0,0,0,0,0,0,0,6.727,0,1.953,3.906,0,0,0,0,0,0,0,0,5.859,1.953,5.859,0,0,0,1.953,1.736,0.434,0,0,0,1.953,0,0,0,0,3.906,0,0,0,0,0,15.624,0,0,0,0,0,0,3.906,0,0,0,0,0,0,0,0,0,0,0,0,0,0,0,0,0,0,0,0,0,0,0,0,1.953,0,0,0,0,0,0,0,0,0,0,0,0,0,0,0,0,0,0,0,0,090.0,070.0
31JD19920128,RV DAVID STARR JORDAN,1992-02-01,1992,2,1,00:00:00,090.0 070.0,32.0846,-120.6387,15,13.930,2,33.2,2,NaN,2,2216.6,2,6023,CALCOFI 9202,DAVID STARR JORDAN,SC,90,70,208,32.083,-120.633,1992-02-01T23:04:00Z,1992-02-01T23:25:00Z,0,0,0,0,0,0,0,0,0,0,0,0,0,0,0,0,0,0,0,0,0,0,2.427,0,0,0,0,0,0,0,0,0,0,0,0,0,0,0,0,0,0,0,0,0,0,0,58.257,0,0,0,0,0,0,0,0,0,0,0,0,0,9.709,0,0,2.427,0,0,0,0,0,0,0,0,0,0,0,0,4.855,0,0,0,0,0,0,0,0,0,0,0,0,0,0,0,0,7.282,2.427,0,0,0,0,4.855,0,0,0,4.855,0,0,0,0,0,0,0,0,0,0,0,0,0,0,0,0,0,0,0,0,0,0,0,0,0,0,0,0,0,0,0,0,0,0,0,0,0,0,0,0,0,0,0,0,0,4.855,0,0,7.282,0,0,0,0,0,0,0,0,0,0,0,0,0,2.427,0,0,0,0,0,2.427,0,0,0,0,0,0,4.855,0,0,0,0,0,0,0,0,0,0,0,0,0,0,0,0,0,0,0,0,0,0,0,0,0,0,0,0,0,0,0,0,0,0,0,0,0,0,0,0,0,0,0,0,0,090.0,070.0
31JD19920128,RV DAVID STARR JORDAN,1992-02-01,1992,2,1,00:00:00,090.0 070.0,32.0846,-120.6387,15,NaN,2,33.208,2,1996.9,2,2216.8,2,6023,CALCOFI 9202,DAVID STARR JORDAN,SC,90,70,208,32.083,-120.633,1992-02-01T23:04:00Z,1992-02-01T23:25:00Z,0,0,0,0,0,0,0,0,0,0,0,0,0,0,0,0,0,0,0,0,0,0,2.427,0,0,0,0,0,0,0,0,0,0,0,0,0,0,0,0,0,0,0,0,0,0,0,58.257,0,0,0,0,0,0,0,0,0,0,0,0,0,9.709,0,0,2.427,0,0,0,0,0,0,0,0,0,0,0,0,4.855,0,0,0,0,0,0,0,0,0,0,0,0,0,0,0,0,7.282,2.427,0,0,0,0,4.855,0,0,0,4.855,0,0,0,0,0,0,0,0,0,0,0,0,0,0,0,0,0,0,0,0,0,0,0,0,0,0,0,0,0,0,0,0,0,0,0,0,0,0,0,0,0,0,0,0,0,4.855,0,0,7.282,0,0,0,0,0,0,0,0,0,0,0,0,0,2.427,0,0,0,0,0,2.427,0,0,0,0,0,0,4.855,0,0,0,0,0,0,0,0,0,0,0,0,0,0,0,0,0,0,0,0,0,0,0,0,0,0,0,0,0,0,0,0,0,0,0,0,0,0,0,0,0,0,0,0,0,090.0,070.0
31JD19920128,RV DAVID STARR JORDAN,1992-02-01,1992,2,1,22:08:54,090.0 070.0,32.0846,-120.6387,15,13.930,2,33.204,2,1996.9,2,2216.7,2,6023,CALCOFI 9202,DAVID STARR JORDAN,SC,90,70,208,32.083,-120.633,1992-02-01T23:04:00Z,1992-02-01T23:25:00Z,0,0,0,0,0,0,0,0,0,0,0,0,0,0,0,0,0,0,0,0,0,0,2.427,0,0,0,0,0,0,0,0,0,0,0,0,0,0,0,0,0,0,0,0,0,0,0,58.257,0,0,0,0,0,0,0,0,0,0,0,0,0,9.709,0,0,2.427,0,0,0,0,0,0,0,0,0,0,0,0,4.855,0,0,0,0,0,0,0,0,0,0,0,0,0,0,0,0,7.282,2.427,0,0,0,0,4.855,0,0,0,4.855,0,0,0,0,0,0,0,0,0,0,0,0,0,0,0,0,0,0,0,0,0,0,0,0,0,0,0,0,0,0,0,0,0,0,0,0,0,0,0,0,0,0,0,0,0,4.855,0,0,7.282,0,0,0,0,0,0,0,0,0,0,0,0,0,2.427,0,0,0,0,0,2.427,0,0,0,0,0,0,4.855,0,0,0,0,0,0,0,0,0,0,0,0,0,0,0,0,0,0,0,0,0,0,0,0,0,0,0,0,0,0,0,0,0,0,0,0,0,0,0,0,0,0,0,0,0,090.0,070.0
31JD19930112,RV DAVID STARR JORDAN,1993-01-17,1993,1,17,00:00:00,090.0 070.0,32.0846,-120.6387,NA,NaN,2,33.029,2,1981.7,2,2205.7,2,6114,CALCOFI 9301,DAVID STARR JORDAN,SC,90,70,220,32.083,-120.633,1993-01-17T01:00:00Z,1993-01-17T01:21:00Z,0,0,0,0,0,0,0,0,0,0,0,0,0,0,0,0,0,0,0,0,2.708,0,0,0,0,0,0,0,0,0,0,0,0,0,0,2.708,0,0,0,0,0,0,0,0,0,0,0,0,0,0,0,0,10.833,0,0,0,0,0,0,0,27.082,0,0,2.708,5.416,0,0,0,0,13.541,0,0,0,0,0,0,13.541,0,0,0,0,0,0,0,0,0,2.708,0,0,0,0,0,0,0,27.082,0,0,0,0,102.912,0,0,0,64.997,0,0,0,0,0,0,0,0,0,0,0,0,0,0,0,0,0,0,5.416,0,0,0,0,0,0,2.708,0,0,0,0,0,0,0,0,0,0,2.708,0,0,0,0,0,0,0,0,5.416,0,0,2.708,0,0,0,0,0,0,0,0,0,0,0,0,0,10.833,0,0,0,0,0,29.79,0,0,0,0,0,0,13.541,0,0,0,0,0,0,0,0,0,0,0,0,0,0,0,0,0,0,0,0,0,0,0,0,0,0,0,0,0,0,0,0,0,0,0,0,0,0,0,0,0,0,0,0,0,090.0,070.0
31JD19930112,RV DAVID STARR JORDAN,1993-01-17,1993,1,17,00:00:00,090.0 070.0,32.0846,-120.6387,NA,NaN,2,NA,2,1981.5,2,NaN,2,6114,CALCOFI 9301,DAVID STARR JORDAN,SC,90,70,220,32.083,-120.633,1993-01-17T01:00:00Z,1993-01-17T01:21:00Z,0,0,0,0,0,0,0,0,0,0,0,0,0,0,0,0,0,0,0,0,2.708,0,0,0,0,0,0,0,0,0,0,0,0,0,0,2.708,0,0,0,0,0,0,0,0,0,0,0,0,0,0,0,0,10.833,0,0,0,0,0,0,0,27.082,0,0,2.708,5.416,0,0,0,0,13.541,0,0,0,0,0,0,13.541,0,0,0,0,0,0,0,0,0,2.708,0,0,0,0,0,0,0,27.082,0,0,0,0,102.912,0,0,0,64.997,0,0,0,0,0,0,0,0,0,0,0,0,0,0,0,0,0,0,5.416,0,0,0,0,0,0,2.708,0,0,0,0,0,0,0,0,0,0,2.708,0,0,0,0,0,0,0,0,5.416,0,0,2.708,0,0,0,0,0,0,0,0,0,0,0,0,0,10.833,0,0,0,0,0,29.79,0,0,0,0,0,0,13.541,0,0,0,0,0,0,0,0,0,0,0,0,0,0,0,0,0,0,0,0,0,0,0,0,0,0,0,0,0,0,0,0,0,0,0,0,0,0,0,0,0,0,0,0,0,090.0,070.0
31JD19930112,RV DAVID STARR JORDAN,1993-01-17,1993,1,17,00:00:00,090.0 070.0,32.0846,-120.6387,NA,NaN,2,33.025,2,1979.5,2,2205.1,2,6114,CALCOFI 9301,DAVID STARR JORDAN,SC,90,70,220,32.083,-120.633,1993-01-17T01:00:00Z,1993-01-17T01:21:00Z,0,0,0,0,0,0,0,0,0,0,0,0,0,0,0,0,0,0,0,0,2.708,0,0,0,0,0,0,0,0,0,0,0,0,0,0,2.708,0,0,0,0,0,0,0,0,0,0,0,0,0,0,0,0,10.833,0,0,0,0,0,0,0,27.082,0,0,2.708,5.416,0,0,0,0,13.541,0,0,0,0,0,0,13.541,0,0,0,0,0,0,0,0,0,2.708,0,0,0,0,0,0,0,27.082,0,0,0,0,102.912,0,0,0,64.997,0,0,0,0,0,0,0,0,0,0,0,0,0,0,0,0,0,0,5.416,0,0,0,0,0,0,2.708,0,0,0,0,0,0,0,0,0,0,2.708,0,0,0,0,0,0,0,0,5.416,0,0,2.708,0,0,0,0,0,0,0,0,0,0,0,0,0,10.833,0,0,0,0,0,29.79,0,0,0,0,0,0,13.541,0,0,0,0,0,0,0,0,0,0,0,0,0,0,0,0,0,0,0,0,0,0,0,0,0,0,0,0,0,0,0,0,0,0,0,0,0,0,0,0,0,0,0,0,0,090.0,070.0
31JD19930112,RV DAVID STARR JORDAN,1993-01-17,1993,1,17,00:00:00,090.0 070.0,32.0846,-120.6387,NA,NaN,2,NA,2,1980.6,2,NaN,2,6114,CALCOFI 9301,DAVID STARR JORDAN,SC,90,70,220,32.083,-120.633,1993-01-17T01:00:00Z,1993-01-17T01:21:00Z,0,0,0,0,0,0,0,0,0,0,0,0,0,0,0,0,0,0,0,0,2.708,0,0,0,0,0,0,0,0,0,0,0,0,0,0,2.708,0,0,0,0,0,0,0,0,0,0,0,0,0,0,0,0,10.833,0,0,0,0,0,0,0,27.082,0,0,2.708,5.416,0,0,0,0,13.541,0,0,0,0,0,0,13.541,0,0,0,0,0,0,0,0,0,2.708,0,0,0,0,0,0,0,27.082,0,0,0,0,102.912,0,0,0,64.997,0,0,0,0,0,0,0,0,0,0,0,0,0,0,0,0,0,0,5.416,0,0,0,0,0,0,2.708,0,0,0,0,0,0,0,0,0,0,2.708,0,0,0,0,0,0,0,0,5.416,0,0,2.708,0,0,0,0,0,0,0,0,0,0,0,0,0,10.833,0,0,0,0,0,29.79,0,0,0,0,0,0,13.541,0,0,0,0,0,0,0,0,0,0,0,0,0,0,0,0,0,0,0,0,0,0,0,0,0,0,0,0,0,0,0,0,0,0,0,0,0,0,0,0,0,0,0,0,0,090.0,070.0
31JD19930330,RV DAVID STARR JORDAN,1993-04-03,1993,4,3,15:03:27,090.0 090.0,31.4179,-121.9900,10,15.090,2,33.116,2,1985.1,2,2212.5,2,6161,CALCOFI 9304,DAVID STARR JORDAN,SC,90,90,217,31.417,-121.983,1993-04-03T17:05:00Z,1993-04-03T17:26:00Z,0,0,0,0,0,0,0,0,0,0,0,0,0,0,0,0,0,0,0,0,0,0,0,0,0,0,0,0,0,0,0,0,0,0,0,4.028,0,0,0,0,0,0,0,0,0,0,0,0,0,0,0,0,80.55,0,0,0,0,0,0,0,20.138,0,0,0,0,0,0,0,0,0,0,0,0,0,0,0,0,0,0,0,0,0,0,0,0,0,0,0,0,0,0,0,0,0,20.138,0,0,0,0,40.275,0,0,0,48.33,0,0,0,0,0,0,0,0,0,0,0,0,0,0,0,0,0,0,20.138,0,0,0,0,0,0,8.055,0,0,0,0,0,0,0,0,0,0,4.028,0,0,0,0,0,0,0,0,0,0,4.028,8.055,0,0,0,0,0,0,0,0,0,0,0,0,0,4.028,0,0,0,0,0,0,0,0,0,0,0,0,12.083,0,0,0,0,0,0,0,0,0,0,0,0,0,0,0,0,0,0,0,0,0,0,0,0,0,0,0,0,0,0,0,4.028,0,0,0,0,0,0,0,0,0,0,0,0,0,090.0,090.0
33RR19990109,RV ROGER REVELLE,1999-01-13,1999,1,13,05:39:40,090.0 090.0,31.4179,-121.9900,10,14.090,2,33.329,2,2002.1,2,2218.2,2,6677,CALCOFI 9901,ROGER REVELLE,SC,90,90,224,31.417,-121.983,1999-01-13T08:26:00Z,1999-01-13T08:47:00Z,0,0,0,0,0,0,0,0,0,0,0,0,0,0,0,0,0,0,0,0,0,0,0,0,0,0,0,0,0,0,0,0,0,0,0,1.743,0,1.743,0,0,0,0,0,0,0,0,0,0,0,0,0,0,1.743,0,0,0,0,0,0,0,0,0,0,6.971,0,0,0,0,0,1.743,0,0,0,0,0,0,20.913,0,0,0,0,0,0,0,0,0,0,0,0,0,0,0,0,0,0,0,0,0,0,0,0,0,0,5.228,0,0,0,0,0,0,0,0,0,0,0,0,0,0,0,0,0,0,1.743,0,0,0,0,0,0,1.743,0,0,1.743,0,0,0,0,1.743,0,0,1.743,0,0,0,0,0,0,0,0,0,0,0,3.485,0,0,0,3.485,1.743,0,0,0,0,0,0,0,0,1.743,0,0,0,0,0,6.971,0,0,0,0,0,0,0,0,0,0,0,0,0,0,0,0,0,0,0,0,0,0,0,0,0,0,0,0,0,0,1.743,0,0,0,0,0,0,0,0,0,0,0,0,0,0,0,0,0,0,0,0,0,090.0,090.0
31JD19990401,RV DAVID STARR JORDAN,1999-04-05,1999,4,5,05:37:41,090.0 090.0,31.4179,-121.9900,10,13.340,2,33.053,2,1997.3,2,2204.6,2,6729,CALCOFI 9904,DAVID STARR JORDAN,SC,90,90,216,31.417,-121.983,1999-04-05T17:07:00Z,1999-04-05T17:28:00Z,0,0,0,0,0,0,0,0,0,0,0,0,0,0,0,0,0,0,0,0,0,0,0,0,0,0,0,0,0,0,0,0,0,0,0,0,0,0,0,0,0,0,0,0,0,0,0,0,0,0,0,0,21.954,0,0,0,0,0,0,0,12.545,0,0,0,0,0,0,0,0,0,0,0,0,0,0,0,0,0,0,0,0,0,0,0,0,0,0,0,0,0,0,0,0,0,0,0,0,0,0,9.409,0,0,0,9.409,0,0,0,0,0,0,0,0,0,0,0,0,0,0,0,0,0,0,0,0,0,0,0,0,0,0,0,0,0,0,0,0,0,0,0,0,0,0,0,0,0,0,0,0,0,0,0,0,3.136,0,0,0,0,0,0,0,0,0,0,0,0,0,0,0,0,0,0,0,21.954,0,0,0,0,0,0,3.136,0,0,0,0,0,0,0,0,0,0,0,0,0,0,0,0,0,0,0,0,0,0,0,0,0,0,0,0,0,0,0,0,0,0,0,0,0,0,0,0,0,0,0,0,0,090.0,090.0
32NM20000107,RV NEW HORIZON,2000-01-11,2000,1,11,00:11:18,090.0 090.0,31.4179,-121.9900,10,14.130,2,33.411,2,2000.6,2,2228.1,2,6786,CALCOFI 0001,NEW HORIZON,SC,90,90,207,31.417,-121.983,2000-01-11T19:27:00Z,2000-01-11T19:48:00Z,0,0,0,0,0,0,0,0,0,0,0,0,0,0,0,0,0,0,0,0,0,0,8.298,4.149,0,0,0,0,0,0,0,0,0,0,0,8.298,0,0,0,0,0,0,12.447,0,0,12.447,0,4.149,0,0,0,0,12.447,0,0,0,0,0,0,0,4.149,0,0,20.746,0,0,0,0,0,0,0,0,0,0,0,0,20.746,0,0,0,0,0,0,0,0,0,0,0,0,0,0,0,0,4.149,62.237,0,0,0,0,224.053,0,0,0,37.342,0,0,0,0,0,0,0,0,0,0,0,0,0,0,0,0,0,0,0,0,0,0,0,0,0,0,0,0,0,0,0,0,0,0,0,0,0,0,0,0,0,0,0,0,0,0,0,4.149,0,0,0,0,0,0,0,0,0,0,0,0,0,0,12.447,0,0,0,0,0,45.64,0,0,0,0,0,0,0,0,0,0,0,0,0,0,0,0,0,0,0,0,0,0,0,0,0,0,0,0,0.939,0,0,0,0,0,0,0,0,0,0,0,0,0,0,0,0,0,0,0,0,0,0,0,090.0,090.0
31JD20010405,RV DAVID STARR JORDAN,2001-04-11,2001,4,11,18:32:22,090.0 090.0,31.4179,-121.9900,10,15.160,2,33.636,2,2010.6,2,2240.0,2,6928,CALCOFI 0104,DAVID STARR JORDAN,SC,90,90,219,31.417,-122,2001-04-11T00:44:00Z,2001-04-11T01:05:00Z,0,0,0,0,0,0,0,0,0,0,0,0,0,0,0,0,0,0,0,0,0,0,4.38,0,0,0,0,0,13.14,0,0,0,0,0,0,0,0,8.76,0,4.38,4.38,0,4.38,0,0,0,0,0,0,0,0,0,0,0,0,0,0,0,0,0,0,0,0,17.52,4.38,0,0,0,0,35.04,0,0,0,0,0,0,21.9,0,0,0,0,0,0,0,0,0,0,0.482,0,8.76,0,0,0,0,0,0,0,0,0,8.76,0,0,0,0,0,0,0,0,0,0,0,0,0,0,8.76,0,0,0,0,0,0,0,0,0,0,0,0,0,0,0,0,0,0.482,0,4.38,0,0,0,0,8.76,17.52,0,0,0,0,0,0,0,0,4.38,0,0,0,0,0,0,0,0,0,0,0,0,4.38,0,0,0,4.38,0,0,0,0,0,17.52,0,0,0,0,0,0,4.38,0,0,0,0,0,0,0,0,0,0,0,0,0,0,0,0,0,0,0,0,0,0,0,0,13.14,0,0,0,0,0,0,0,0,0,0,0,0,0,0,0,0,0,0,0,0,090.0,090.0
31OS20140328,RV OCEAN STARR,2014-04-01,2014,4,1,00:00:00,093.3 030.0,32.8464,-117.5312,516,6.280,2,34.32,2,2315.0,2,2320.3,2,7337,CALCOFI 1404,OCEAN STARR,SC,93.3,30,186,32.85,-117.533,2014-04-01T21:02:00Z,2014-04-01T21:17:00Z,0,0,0,0,0,0,0,0,0,0,0,0,0,0,0,0,0,0,0,0,0,0,0,0,0,0,0,0,0,0,0,0,0,0,0,0,0,0,0,0,0,0,0,0,0,0,58.032,0,0,0,0,0,71.424,0,0,0,0,0,0,0,71.424,0,0,0,0,0,0,0,0,0,0,0,0,0,0,0,0,0,0,0,0,0,0,0,0,0,0,0,0,0,0,0,0,20.088,116.25,0,0,0,0,84.816,0,0,0,80.352,0,0,0,0,0,0,0,0,0,0,0,0,0,0,0,0,0,0,6.696,0,0,0,0,0,0,0,0,0,0,0,0,0,0,0,0,0,0,0,0,0,0,0,0,0,0,0,0,0,2.232,0,0,0,2.232,0,0,0,0,0,0,0,0,0,4.464,4.464,0,0,0,0,89.28,0,0,0,0,0,0,6.696,0,0,0,0,0,0,0,0,0,0,0,0,0,0,0,0,0,0,0,0,0,0,0,0,0,0,0,0,0,0,0,0,0,0,0,0,0,0,0,0,2.232,0,0,0,0,093.3,030.0
31OS20140328,RV OCEAN STARR,2014-04-01,2014,4,1,00:00:00,093.3 030.0,32.8464,-117.5312,321,7.700,2,34.24,2,2273.8,2,2292.1,2,7337,CALCOFI 1404,OCEAN STARR,SC,93.3,30,186,32.85,-117.533,2014-04-01T21:02:00Z,2014-04-01T21:17:00Z,0,0,0,0,0,0,0,0,0,0,0,0,0,0,0,0,0,0,0,0,0,0,0,0,0,0,0,0,0,0,0,0,0,0,0,0,0,0,0,0,0,0,0,0,0,0,58.032,0,0,0,0,0,71.424,0,0,0,0,0,0,0,71.424,0,0,0,0,0,0,0,0,0,0,0,0,0,0,0,0,0,0,0,0,0,0,0,0,0,0,0,0,0,0,0,0,20.088,116.25,0,0,0,0,84.816,0,0,0,80.352,0,0,0,0,0,0,0,0,0,0,0,0,0,0,0,0,0,0,6.696,0,0,0,0,0,0,0,0,0,0,0,0,0,0,0,0,0,0,0,0,0,0,0,0,0,0,0,0,0,2.232,0,0,0,2.232,0,0,0,0,0,0,0,0,0,4.464,4.464,0,0,0,0,89.28,0,0,0,0,0,0,6.696,0,0,0,0,0,0,0,0,0,0,0,0,0,0,0,0,0,0,0,0,0,0,0,0,0,0,0,0,0,0,0,0,0,0,0,0,0,0,0,0,2.232,0,0,0,0,093.3,030.0
31OS20140328,RV OCEAN STARR,2014-04-01,2014,4,1,00:00:00,093.3 030.0,32.8464,-117.5312,229,8.690,2,34.22,2,2247.9,2,2281.6,2,7337,CALCOFI 1404,OCEAN STARR,SC,93.3,30,186,32.85,-117.533,2014-04-01T21:02:00Z,2014-04-01T21:17:00Z,0,0,0,0,0,0,0,0,0,0,0,0,0,0,0,0,0,0,0,0,0,0,0,0,0,0,0,0,0,0,0,0,0,0,0,0,0,0,0,0,0,0,0,0,0,0,58.032,0,0,0,0,0,71.424,0,0,0,0,0,0,0,71.424,0,0,0,0,0,0,0,0,0,0,0,0,0,0,0,0,0,0,0,0,0,0,0,0,0,0,0,0,0,0,0,0,20.088,116.25,0,0,0,0,84.816,0,0,0,80.352,0,0,0,0,0,0,0,0,0,0,0,0,0,0,0,0,0,0,6.696,0,0,0,0,0,0,0,0,0,0,0,0,0,0,0,0,0,0,0,0,0,0,0,0,0,0,0,0,0,2.232,0,0,0,2.232,0,0,0,0,0,0,0,0,0,4.464,4.464,0,0,0,0,89.28,0,0,0,0,0,0,6.696,0,0,0,0,0,0,0,0,0,0,0,0,0,0,0,0,0,0,0,0,0,0,0,0,0,0,0,0,0,0,0,0,0,0,0,0,0,0,0,0,2.232,0,0,0,0,093.3,030.0
31OS20140328,RV OCEAN STARR,2014-04-01,2014,4,1,00:00:00,093.3 030.0,32.8464,-117.5312,169,9.120,2,34.05,2,2209.8,2,2260.1,2,7337,CALCOFI 1404,OCEAN STARR,SC,93.3,30,186,32.85,-117.533,2014-04-01T21:02:00Z,2014-04-01T21:17:00Z,0,0,0,0,0,0,0,0,0,0,0,0,0,0,0,0,0,0,0,0,0,0,0,0,0,0,0,0,0,0,0,0,0,0,0,0,0,0,0,0,0,0,0,0,0,0,58.032,0,0,0,0,0,71.424,0,0,0,0,0,0,0,71.424,0,0,0,0,0,0,0,0,0,0,0,0,0,0,0,0,0,0,0,0,0,0,0,0,0,0,0,0,0,0,0,0,20.088,116.25,0,0,0,0,84.816,0,0,0,80.352,0,0,0,0,0,0,0,0,0,0,0,0,0,0,0,0,0,0,6.696,0,0,0,0,0,0,0,0,0,0,0,0,0,0,0,0,0,0,0,0,0,0,0,0,0,0,0,0,0,2.232,0,0,0,2.232,0,0,0,0,0,0,0,0,0,4.464,4.464,0,0,0,0,89.28,0,0,0,0,0,0,6.696,0,0,0,0,0,0,0,0,0,0,0,0,0,0,0,0,0,0,0,0,0,0,0,0,0,0,0,0,0,0,0,0,0,0,0,0,0,0,0,0,2.232,0,0,0,0,093.3,030.0
31OS20140328,RV OCEAN STARR,2014-04-01,2014,4,1,00:00:00,093.3 030.0,32.8464,-117.5312,100,10.500,2,33.77,2,2166.8,2,2241.2,2,7337,CALCOFI 1404,OCEAN STARR,SC,93.3,30,186,32.85,-117.533,2014-04-01T21:02:00Z,2014-04-01T21:17:00Z,0,0,0,0,0,0,0,0,0,0,0,0,0,0,0,0,0,0,0,0,0,0,0,0,0,0,0,0,0,0,0,0,0,0,0,0,0,0,0,0,0,0,0,0,0,0,58.032,0,0,0,0,0,71.424,0,0,0,0,0,0,0,71.424,0,0,0,0,0,0,0,0,0,0,0,0,0,0,0,0,0,0,0,0,0,0,0,0,0,0,0,0,0,0,0,0,20.088,116.25,0,0,0,0,84.816,0,0,0,80.352,0,0,0,0,0,0,0,0,0,0,0,0,0,0,0,0,0,0,6.696,0,0,0,0,0,0,0,0,0,0,0,0,0,0,0,0,0,0,0,0,0,0,0,0,0,0,0,0,0,2.232,0,0,0,2.232,0,0,0,0,0,0,0,0,0,4.464,4.464,0,0,0,0,89.28,0,0,0,0,0,0,6.696,0,0,0,0,0,0,0,0,0,0,0,0,0,0,0,0,0,0,0,0,0,0,0,0,0,0,0,0,0,0,0,0,0,0,0,0,0,0,0,0,2.232,0,0,0,0,093.3,030.0
31OS20140328,RV OCEAN STARR,2014-04-01,2014,4,1,00:00:00,093.3 030.0,32.8464,-117.5312,50,12.510,2,33.42,2,2079.3,2,2226.7,2,7337,CALCOFI 1404,OCEAN STARR,SC,93.3,30,186,32.85,-117.533,2014-04-01T21:02:00Z,2014-04-01T21:17:00Z,0,0,0,0,0,0,0,0,0,0,0,0,0,0,0,0,0,0,0,0,0,0,0,0,0,0,0,0,0,0,0,0,0,0,0,0,0,0,0,0,0,0,0,0,0,0,58.032,0,0,0,0,0,71.424,0,0,0,0,0,0,0,71.424,0,0,0,0,0,0,0,0,0,0,0,0,0,0,0,0,0,0,0,0,0,0,0,0,0,0,0,0,0,0,0,0,20.088,116.25,0,0,0,0,84.816,0,0,0,80.352,0,0,0,0,0,0,0,0,0,0,0,0,0,0,0,0,0,0,6.696,0,0,0,0,0,0,0,0,0,0,0,0,0,0,0,0,0,0,0,0,0,0,0,0,0,0,0,0,0,2.232,0,0,0,2.232,0,0,0,0,0,0,0,0,0,4.464,4.464,0,0,0,0,89.28,0,0,0,0,0,0,6.696,0,0,0,0,0,0,0,0,0,0,0,0,0,0,0,0,0,0,0,0,0,0,0,0,0,0,0,0,0,0,0,0,0,0,0,0,0,0,0,0,2.232,0,0,0,0,093.3,030.0
31OS20140328,RV OCEAN STARR,2014-04-01,2014,4,1,00:00:00,093.3 030.0,32.8464,-117.5312,30,14.700,2,33.43,2,2017.8,2,2235.7,2,7337,CALCOFI 1404,OCEAN STARR,SC,93.3,30,186,32.85,-117.533,2014-04-01T21:02:00Z,2014-04-01T21:17:00Z,0,0,0,0,0,0,0,0,0,0,0,0,0,0,0,0,0,0,0,0,0,0,0,0,0,0,0,0,0,0,0,0,0,0,0,0,0,0,0,0,0,0,0,0,0,0,58.032,0,0,0,0,0,71.424,0,0,0,0,0,0,0,71.424,0,0,0,0,0,0,0,0,0,0,0,0,0,0,0,0,0,0,0,0,0,0,0,0,0,0,0,0,0,0,0,0,20.088,116.25,0,0,0,0,84.816,0,0,0,80.352,0,0,0,0,0,0,0,0,0,0,0,0,0,0,0,0,0,0,6.696,0,0,0,0,0,0,0,0,0,0,0,0,0,0,0,0,0,0,0,0,0,0,0,0,0,0,0,0,0,2.232,0,0,0,2.232,0,0,0,0,0,0,0,0,0,4.464,4.464,0,0,0,0,89.28,0,0,0,0,0,0,6.696,0,0,0,0,0,0,0,0,0,0,0,0,0,0,0,0,0,0,0,0,0,0,0,0,0,0,0,0,0,0,0,0,0,0,0,0,0,0,0,0,2.232,0,0,0,0,093.3,030.0
31OS20140328,RV OCEAN STARR,2014-04-01,2014,4,1,00:00:00,093.3 030.0,32.8464,-117.5312,2,16.530,2,33.49,2,2009.9,2,2238.3,2,7337,CALCOFI 1404,OCEAN STARR,SC,93.3,30,186,32.85,-117.533,2014-04-01T21:02:00Z,2014-04-01T21:17:00Z,0,0,0,0,0,0,0,0,0,0,0,0,0,0,0,0,0,0,0,0,0,0,0,0,0,0,0,0,0,0,0,0,0,0,0,0,0,0,0,0,0,0,0,0,0,0,58.032,0,0,0,0,0,71.424,0,0,0,0,0,0,0,71.424,0,0,0,0,0,0,0,0,0,0,0,0,0,0,0,0,0,0,0,0,0,0,0,0,0,0,0,0,0,0,0,0,20.088,116.25,0,0,0,0,84.816,0,0,0,80.352,0,0,0,0,0,0,0,0,0,0,0,0,0,0,0,0,0,0,6.696,0,0,0,0,0,0,0,0,0,0,0,0,0,0,0,0,0,0,0,0,0,0,0,0,0,0,0,0,0,2.232,0,0,0,2.232,0,0,0,0,0,0,0,0,0,4.464,4.464,0,0,0,0,89.28,0,0,0,0,0,0,6.696,0,0,0,0,0,0,0,0,0,0,0,0,0,0,0,0,0,0,0,0,0,0,0,0,0,0,0,0,0,0,0,0,0,0,0,0,0,0,0,0,2.232,0,0,0,0,093.3,030.0
